codigo_depto,departamentos,programatica_menor_1_ano,bcg_dosis_unica,bcg,hb_d_unica,hb,antipolio_1ras_dosis,antipolio,vop_3_dosis,vop_3as,penta_1ras_dosis,penta_1,penta_2das_dosis,penta_2,penta_3ras_dosis,penta_3,rotavirus_1ra_dosis,rotavirus_1,rotavirus_2da_dosis,rotavirus_2,flu_1ra_dosis,flu_1,flu_2da_dosis,flu_2,neumo_1ra_dosis,neumo_1,neumo_2da_dosis,neumo_2,programatica1_ano,srp_u_dosis,srp_1_ano,varicela_u_dosis,varicela_1,fa_u_dosis,fa_1_ano,neumo_m12_ref,neumo_m12,neumo_1ra_dosis_1,neumo_2,neumo_12m_2da_dosis,neumo_24_m_dosis_unica,ha_u_dosis,ha_1_ano,vop_1er_ref,vop,dpt_1er_ref,dpt_1er_ref,programatica_5_anos,vop_2do_ref,vop_5anos,dpt_5an_2do_ref,dpt_5an_2do_ref,srp_5anosref,srp_5_anos,flu_19_49_anosunica,flu_50a_unica,flu_gestantes_unica,tdap_unica_dosis_en_cada_embarazo,tdap,region,total_dosis,ano
91,AMAZONAS,1802,1503,83.4,1368,75.9,1560,86.6,1445,80.2,1557,86.4,1513,84.0,1444,80.1,1424,79.0,1448,80.4,1419,105.0,1070,79.2,1545,85.7,1503,83.4,1845,1575,85.4,1563,84.7,1869,101.3,1547,83.8,8,0.43360433604336046,26,47.0,1582,85.7,1517,82.2,1517,82.2,1831,1478,80.7,1478,80.7,1468,80.2,1441,2178,847,1077,59.8,AMAZONIA,38940.0,2016
5,ANTIOQUIA,78411,75215,95.9,74126,94.5,75821,96.7,73969,94.3,75935,96.8,75375,96.1,74329,94.8,74104,94.5,73897,94.2,56768,96.5,42336,72.0,73013,93.1,68259,87.1,79793,76176,95.5,75795,95.0,61520,77.1,69229,86.8,480,0.6015565275149449,474,1176.0,76361,95.7,70175,87.9,70546,88.4,85022,73860,86.9,73294,86.2,73823,86.8,34355,228344,54930,65742,83.8,ANDINA,1953685.0,2016
81,ARAUCA,4272,4415,103.3,4331,101.4,4651,108.9,4500,105.3,4646,108.8,4615,108.0,4499,105.3,4471,104.7,4485,105.0,2922,91.2,2296,71.7,4715,110.4,4511,105.6,4430,4537,102.4,4496,101.5,5161,116.5,4418,99.7,42,0.9480812641083521,69,86.0,4585,103.5,4002,90.3,4001,90.3,4907,4520,92.1,4523,92.2,4522,92.2,2356,3169,2750,3628,84.9,LLANOS,108294.0,2016
8,ATLANTICO,20672,20653,99.9,18857,91.2,19610,94.9,20551,99.4,19555,94.6,20019,96.8,20610,99.7,19345,93.6,19803,95.8,13271,85.6,7393,47.7,18180,87.9,18103,87.6,21016,21391,101.8,20701,98.5,19229,91.5,18776,89.3,141,0.670917396269509,188,382.0,21158,100.7,20131,95.8,20497,97.5,21547,20083,93.2,21028,97.6,20761,96.4,12536,10678,9073,12954,62.7,CARIBE,472703.0,2016
8001,BARRANQUILLA,21907,22270,101.7,21851,99.7,21771,99.4,21238,96.9,21840,99.7,21341,97.4,21305,97.3,21570,98.5,21068,96.2,18632,113.4,12802,77.9,21952,100.2,20979,95.8,21875,21552,98.5,20833,95.2,16019,73.2,21166,96.8,107,0.48914285714285716,57,164.0,21560,98.6,20293,92.8,20324,92.9,22745,19112,84.0,19171,84.3,19158,84.2,3729,24640,14731,17536,80.0,CARIBE,511235.0,2016
11,BOGOTA D.C.,105191,112338,106.8,112126,106.6,99815,94.9,100535,95.6,99870,94.9,100891,95.9,100560,95.6,98863,94.0,99995,95.1,84894,107.6,60130,76.2,100029,95.1,100161,95.2,105341,100342,95.3,99127,94.1,81932,77.8,98761,93.8,235,0.2230850286213345,409,654.0,100471,95.4,91104,86.5,91351,86.7,108208,93218,86.1,90629,83.8,92039,85.1,64269,329351,71240,91905,87.4,ANDINA,2675339.0,2016
13,BOLIVAR,22708,11559,50.9,10915,48.1,17583,77.4,18024,79.4,17741,78.1,18040,79.4,18078,79.6,17068,75.2,17307,76.2,15545,91.3,10382,61.0,17105,75.3,17200,75.7,22993,18803,81.8,17860,77.7,14041,61.1,18125,78.8,128,0.5566911668768756,188,524.0,18918,82.3,18894,82.2,18970,82.5,22474,19305,85.9,19314,85.9,19148,85.2,10608,22827,12255,13822,60.9,CARIBE,436455.0,2016
13001,CARTAGENA,19368,19203,99.1,19034,98.3,18169,93.8,17234,89.0,18189,93.9,17869,92.3,17222,88.9,17656,91.2,17533,90.5,14309,98.5,11362,78.2,17343,89.5,16745,86.5,19587,18020,92.0,17600,89.9,13487,68.9,16160,82.5,56,0.2859039158625619,166,208.0,18088,92.3,15702,80.2,15741,80.4,18768,15267,81.3,15258,81.3,15479,82.5,4708,16252,15040,15013,77.5,CARIBE,419100.0,2016
15,BOYACA,16432,15612,95.0,15461,94.1,15677,95.4,15359,93.5,15720,95.7,15354,93.4,15370,93.5,15636,95.2,15304,93.1,14015,113.7,11921,96.7,15722,95.7,15326,93.3,16748,15724,93.9,15596,93.1,14089,84.1,15541,92.8,66,0.3940769047050394,38,68.0,15745,94.0,15242,91.0,15257,91.1,18801,16846,89.6,16833,89.5,16834,89.5,5604,47547,12258,13626,82.9,ANDINA,419765.0,2016
17,CALDAS,10276,9876,96.1,9726,94.6,9719,94.6,9794,95.3,9733,94.7,9658,94.0,9779,95.2,9583,93.3,9577,93.2,8513,110.5,6639,86.1,9646,93.9,9686,94.3,10498,9863,94.0,9835,93.7,8182,77.9,9738,92.8,177,1.6860354353210136,6,8.0,9953,94.8,9935,94.6,9799,93.3,11346,10361,91.3,10296,90.7,10240,90.3,3419,37002,7119,8611,83.8,ANDINA,267862.0,2016
18,CAQUETA,8825,7261,82.3,7004,79.4,7153,81.1,6679,75.7,7155,81.1,6986,79.2,6679,75.7,6625,75.1,6628,75.1,6369,96.2,4670,70.6,7160,81.1,6982,79.1,9227,7257,78.6,7201,78.0,7609,82.5,7114,77.1,115,1.2463422564213722,207,196.0,7273,78.8,6255,67.8,6255,67.8,9508,6997,73.6,6996,73.6,7005,73.7,4243,9873,5637,5884,66.7,AMAZONIA,177584.0,2016
85,CASANARE,7580,6420,84.7,6278,82.8,6836,90.2,6917,91.3,6836,90.2,6885,90.8,6928,91.4,6758,89.2,6820,90.0,6228,109.6,4470,78.6,6848,90.3,6888,90.9,7749,7149,92.3,7111,91.8,7242,93.5,7137,92.1,1,0.012904890953671441,9,21.0,7146,92.2,7163,92.4,7163,92.4,7660,7112,92.8,7108,92.8,7115,92.9,1782,7178,4649,5345,70.5,LLANOS,170198.0,2016
19,CAUCA,22448,17198,76.6,16671,74.3,20784,92.6,20612,91.8,20821,92.8,20735,92.4,20581,91.7,20184,89.9,20205,90.0,18715,111.2,13471,80.0,20478,91.2,20026,89.2,23092,21112,91.4,20824,90.2,17864,77.4,20381,88.3,92,0.398406374501992,158,158.0,21078,91.3,19067,82.6,19073,82.6,23455,20942,89.3,20795,88.7,20820,88.8,5642,44960,12834,15285,68.1,PACIFICO,516281.0,2016
20,CESAR,23728,20554,86.6,20021,84.4,22284,93.9,21321,89.9,22312,94.0,22013,92.8,21335,89.9,21522,90.7,21374,90.1,19157,107.6,14164,79.6,22447,94.6,21914,92.4,24015,22202,92.5,21438,89.3,17560,73.1,21924,91.3,236,0.9827191338746617,318,450.0,22265,92.7,21443,89.3,21445,89.3,24168,22120,91.5,22177,91.8,21997,91.0,8200,30602,13968,18777,79.1,CARIBE,538763.0,2016
27,CHOCO,10908,9145,83.8,6782,62.2,10338,94.8,8981,82.3,10365,95.0,9757,89.4,8981,82.3,8111,74.4,8148,74.7,8545,104.4,5264,64.3,10254,94.0,9636,88.3,11728,10994,93.7,10725,91.4,10229,87.2,10346,88.2,349,2.9757844474761255,842,181.0,11005,93.8,7240,61.7,7218,61.5,11104,9010,81.1,9010,81.1,9028,81.3,4397,7069,5324,6376,58.5,PACIFICO,227274.0,2016
23,CORDOBA,32530,23898,73.5,23565,72.4,28571,87.8,29312,90.1,28598,87.9,28624,88.0,29319,90.1,27920,85.8,28068,86.3,24953,102.3,16550,67.8,27894,85.7,27781,85.4,32371,28719,88.7,28089,86.8,23385,72.2,27489,84.9,99,0.3058292916499336,117,202.0,28614,88.4,27060,83.6,27005,83.4,32246,29221,90.6,29134,90.3,29089,90.2,14154,19184,20746,22180,68.2,CARIBE,677360.0,2016
25,CUNDINAMARCA,37799,18528,49.0,18396,48.7,31565,83.5,32219,85.2,31616,83.6,32132,85.0,32259,85.3,31325,82.9,31911,84.4,26665,94.1,18229,64.3,31468,83.3,32012,84.7,39124,32740,83.7,32366,82.7,27313,69.8,32469,83.0,123,0.314385032205296,50,185.0,32747,83.7,32011,81.8,32009,81.8,41481,32926,79.4,32896,79.3,32655,78.7,18400,74004,15386,24111,63.8,ANDINA,796605.0,2016
94,GUAINIA,781,960,122.9,776,99.4,942,120.6,718,91.9,940,120.4,824,105.5,712,91.2,748,95.8,652,83.5,409,69.8,292,49.9,951,121.8,811,103.8,853,866,101.5,836,98.0,933,109.4,821,96.2,42,4.9237983587338805,58,54.0,866,101.5,533,62.5,533,62.5,896,816,91.1,820,91.5,834,93.1,624,1371,395,501,64.1,AMAZONIA,20137.0,2016
95,GUAVIARE,1398,1215,86.9,1181,84.5,1233,88.2,1213,86.8,1233,88.2,1263,90.3,1214,86.8,1182,84.5,1225,87.6,697,66.5,520,49.6,1237,88.5,1269,90.8,1516,1319,87.0,1300,85.8,1683,111.0,1318,86.9,5,0.32981530343007914,4,6.0,1319,87.0,1227,80.9,1227,80.9,1699,1479,87.1,1479,87.1,1481,87.2,501,1756,721,1004,71.8,AMAZONIA,31507.0,2016
41,HUILA,20719,19950,96.3,19905,96.1,19374,93.5,18940,91.4,19432,93.8,19192,92.6,18933,91.4,19199,92.7,19015,91.8,15960,102.7,11921,76.7,19427,93.8,19187,92.6,21071,19174,91.0,18817,89.3,16513,78.4,19081,90.6,19,0.09017132551848511,76,77.0,19178,91.0,18290,86.8,18287,86.8,20510,18909,92.2,18899,92.1,18914,92.2,5344,33419,13513,16957,81.8,ANDINA,478945.0,2016
44,LA GUAJIRA,20984,18344,87.4,16498,78.6,19252,91.7,16827,80.2,19322,92.1,17577,83.8,16830,80.2,16601,79.1,15802,75.3,14935,94.9,9322,59.2,18364,87.5,16448,78.4,21108,18825,89.2,18589,88.1,11865,56.2,17216,81.6,527,2.4966837218116353,685,1329.0,18874,89.4,14016,66.4,14004,66.3,20623,16384,79.4,16379,79.4,16367,79.4,1476,8539,10849,12975,61.8,CARIBE,402046.0,2016
47,MAGDALENA,17776,13323,74.9,13076,73.6,16325,91.8,16259,91.5,16327,91.8,16408,92.3,16288,91.6,15876,89.3,16135,90.8,12201,91.5,8473,63.6,16353,92.0,16408,92.3,18085,17109,94.6,16799,92.9,14574,80.6,17010,94.1,106,0.5861210948299697,151,230.0,17118,94.7,16884,93.4,16891,93.4,18541,17398,93.8,17402,93.9,17458,94.2,3598,17864,9776,12245,68.9,CARIBE,393820.0,2016
47001,SANTA MARTA,9061,9296,102.6,9224,101.8,8676,95.8,7895,87.1,8685,95.9,8362,92.3,7902,87.2,8201,90.5,8019,88.5,7418,109.2,4951,72.9,8579,94.7,8237,90.9,9036,8413,93.1,8027,88.8,5599,62.0,8037,88.9,94,1.040283311199646,121,190.0,8410,93.1,7541,83.5,7546,83.5,9209,7322,79.5,7317,79.5,7334,79.6,2441,8143,5774,6628,73.1,CARIBE,197754.0,2016
50,META,16745,15762,94.1,15328,91.5,15458,92.3,14953,89.3,15483,92.5,15263,91.1,14910,89.0,14833,88.6,14803,88.4,10773,85.8,8137,64.8,14815,88.5,14238,85.0,16994,15788,92.9,15360,90.4,19030,112.0,13824,81.3,68,0.40014122631517,118,65.0,15734,92.6,14458,85.1,14479,85.2,17324,14241,82.2,14221,82.1,14099,81.4,5566,16496,8756,11810,70.5,LLANOS,367059.0,2016
52,NARIﾃ前,21219,19170,90.3,18709,88.2,19403,91.4,19156,90.3,19397,91.4,19258,90.8,19167,90.3,18914,89.1,18928,89.2,11664,73.3,9500,59.7,19264,90.8,19064,89.8,21816,20010,91.7,19900,91.2,16617,76.2,19562,89.7,74,0.3392005867253392,162,165.0,20109,92.2,18613,85.3,18604,85.3,23415,20453,87.3,20439,87.3,20499,87.5,2751,69054,11690,15889,74.9,PACIFICO,510296.0,2016
54,NORTE DE SANTANDER,23877,21100,88.4,20706,86.7,21869,91.6,22384,93.7,21846,91.5,21831,91.4,22457,94.1,21193,88.8,21332,89.3,19312,107.8,12809,71.5,22179,92.9,21010,88.0,23929,22742,95.0,22800,95.3,16845,70.4,21771,91.0,168,0.702076977725772,389,289.0,23165,96.8,19466,81.3,19577,81.8,24257,21212,87.4,21408,88.3,21362,88.1,19124,35904,13018,17543,73.5,ANDINA,549268.0,2016
86,PUTUMAYO,5310,4139,77.9,4009,75.5,4614,86.9,4692,88.4,4615,86.9,4657,87.7,4691,88.3,4459,84.0,4553,85.7,3344,84.0,2735,68.7,4612,86.9,4663,87.8,5544,4918,88.7,4834,87.2,4248,76.6,4831,87.1,34,0.6132756132756133,74,63.0,4960,89.5,4573,82.5,4577,82.6,5927,4933,83.2,4931,83.2,4945,83.4,1098,10339,3172,3611,68.0,AMAZONIA,118313.0,2016
63,QUINDIO,5813,6086,104.7,6051,104.1,5777,99.4,5720,98.4,5779,99.4,5785,99.5,5715,98.3,5767,99.2,5766,99.2,5051,115.9,3760,86.2,5837,100.4,5823,100.2,5981,5942,99.3,5906,98.7,5313,88.8,5954,99.5,18,0.30095301788998496,20,32.0,5988,100.1,5853,97.9,5864,98.0,6479,5988,92.4,5973,92.2,5884,90.8,3487,23271,4374,5100,87.7,ANDINA,162784.0,2016
66,RISARALDA,11180,11320,101.3,11208,100.3,10724,95.9,10715,95.8,10797,96.6,10667,95.4,10717,95.9,10649,95.3,10583,94.7,8354,99.6,6714,80.1,10707,95.8,10418,93.2,11369,10903,95.9,10774,94.8,7988,70.3,10631,93.5,119,1.0467059547893394,102,112.0,10931,96.1,10636,93.6,10628,93.5,12164,11281,92.7,11242,92.4,11065,91.0,4682,39076,6754,9481,84.8,ANDINA,290497.0,2016
88,SAN ANDRES ISLA,919,835,90.9,831,90.4,863,93.9,801,87.2,864,94.0,858,93.4,800,87.1,852,92.7,847,92.2,496,72.0,341,49.5,863,93.9,853,92.8,909,834,91.7,820,90.2,734,80.7,826,90.9,0,0.0,1,0.0,835,91.9,862,94.8,857,94.3,928,776,83.6,773,83.3,771,83.1,2143,2250,667,727,79.1,CARIBE,23253.0,2016
68,SANTANDER,33313,27003,81.1,26268,78.9,30172,90.6,30209,90.7,30709,92.2,30129,90.4,30051,90.2,30076,90.3,30235,90.8,26603,106.5,20577,82.4,30234,90.8,30340,91.1,33241,30904,93.0,30238,91.0,24137,72.6,29581,89.0,473,1.4229415480882044,105,297.0,30825,92.7,28169,84.7,28381,85.4,32579,28097,86.2,28395,87.2,27129,83.3,15760,59237,21268,25293,75.9,ANDINA,755602.0,2016
70,SUCRE,16298,13778,84.5,13647,83.7,14398,88.3,14144,86.8,14414,88.4,14276,87.6,14156,86.9,14107,86.6,14009,86.0,9361,76.6,8074,66.1,14353,88.1,14221,87.3,16424,14498,88.3,14224,86.6,12438,75.7,14357,87.4,58,0.35314174378957625,104,152.0,14514,88.4,14546,88.6,14538,88.5,17422,15546,89.2,15552,89.3,15525,89.1,12398,26077,10431,12348,75.8,CARIBE,367896.0,2016
73,TOLIMA,19332,16056,83.1,15716,81.3,17276,89.4,17086,88.4,17299,89.5,17194,88.9,17074,88.3,17118,88.5,16999,87.9,15150,104.5,9971,68.8,17058,88.2,16940,87.6,19693,17199,87.3,16981,86.2,12960,65.8,16742,85.0,92,0.46717107601685876,54,194.0,17217,87.4,16342,83.0,16198,82.3,20594,17351,84.3,17013,82.6,17067,82.9,17822,37891,8437,13311,68.9,ANDINA,440497.0,2016
76,VALLE DEL CAUCA,58592,50417,86.0,49517,84.5,56223,96.0,55938,95.5,55708,95.1,55989,95.6,55910,95.4,55542,94.8,55645,95.0,42009,95.6,26467,60.2,55583,94.9,55879,95.4,57615,55339,96.0,55572,96.5,51520,89.4,55249,95.9,266,0.4616853250021696,192,424.0,55244,95.9,54214,94.1,54194,94.1,59318,56196,94.7,56141,94.6,56013,94.4,35224,108516,30554,39126,66.8,PACIFICO,1395685.0,2016
76109,BUENAVENTURA,6419,4707,73.3,4487,69.9,4770,74.3,4133,64.4,4789,74.6,4520,70.4,4135,64.4,4243,66.1,4096,63.8,3956,82.2,2664,55.3,4783,74.5,4464,69.5,6213,4816,77.5,4693,75.5,2928,47.1,4583,73.8,158,2.5430548849187185,212,495.0,4778,76.9,3752,60.4,3789,61.0,7012,4913,70.1,4900,69.9,4829,68.9,5164,6496,3787,3814,59.4,PACIFICO,116040.0,2016
97,VAUPES,861,748,86.9,486,56.4,747,86.8,586,68.1,744,86.4,696,80.8,594,69.0,519,60.3,540,62.7,342,53.0,184,28.5,777,90.2,706,82.0,878,814,92.7,775,88.3,850,96.8,774,88.2,26,2.9612756264236904,61,71.0,791,90.1,533,60.7,533,60.7,841,763,90.7,759,90.2,742,88.2,412,1200,342,434,50.4,AMAZONIA,17115.0,2016
99,VICHADA,1718,1286,74.9,843,49.1,1903,110.8,1156,67.3,1900,110.6,1535,89.3,1159,67.5,1249,72.7,1136,66.1,1116,86.6,541,42.0,1842,107.2,1430,83.2,1875,1910,101.9,1769,94.3,1158,61.8,1480,78.9,150,8.0,285,106.0,1844,98.3,1093,58.3,1094,58.3,1746,1269,72.7,1272,72.9,1285,73.6,836,1460,750,1093,63.6,LLANOS,34857.0,2016
91,AMAZONAS,1720,1571,91.3,1408,81.9,1548,90.0,1482,86.2,1554,90.3,1573,91.5,1484,86.3,1458,84.8,1469,85.4,1315,101.9,934,72.4,1569,91.2,1570,91.3,1786,1532,85.8,1495,83.7,1722,96.4,1503,84.2,24,1.3008130081300813,52,29.0,1250,70.0,1429,80.0,1429,80.0,1816,1565,86.2,1563,86.1,1539,84.7,1443,1688,727,1023,59.5,AMAZONIA,37925.0,2017
5,ANTIOQUIA,77985,77253,99.1,75637,97.0,75725,97.1,72541,93.0,75710,97.1,74658,95.7,72677,93.2,71797,92.1,69215,88.8,59206,101.2,43281,74.0,76910,98.6,78580,100.8,79524,75061,94.4,73825,92.8,68955,86.7,76299,95.9,770,0.9682611538654998,1414,3273.0,72005,90.5,69896,87.9,70119,88.2,83290,74774,89.8,74870,89.9,74345,89.3,50233,217983,52747,67252,86.2,ANDINA,1979759.0,2017
81,ARAUCA,4561,4768,104.5,4617,101.2,4845,106.2,4738,103.9,4954,108.6,4963,108.8,4766,104.5,4695,102.9,4692,102.9,2747,80.3,2302,67.3,5298,116.2,5076,111.3,4542,5044,111.1,5098,112.2,5963,131.3,4912,108.1,207,4.557463672391017,277,253.0,5184,114.1,4346,95.7,4350,95.8,4841,4672,96.5,4690,96.9,4662,96.3,4074,4381,3280,4182,91.7,LLANOS,119854.0,2017
8,ATLANTICO,20423,20448,100.1,19028,93.2,21142,103.5,21741,106.5,20308,99.4,20491,100.3,20912,102.4,16953,83.0,18944,92.8,14566,95.1,9223,60.2,19214,94.1,21075,103.2,20841,21280,102.1,20732,99.5,21213,101.8,20125,96.6,389,1.866513123170673,619,419.0,19736,94.7,19633,94.2,19476,93.5,21173,21221,100.2,21465,101.4,20874,98.6,9366,9424,9895,15155,74.2,CARIBE,479912.0,2017
8001,BARRANQUILLA,21962,21887,99.7,20342,92.6,21625,98.5,21257,96.8,21678,98.7,21293,97.0,21174,96.4,21519,98.0,20945,95.4,18560,112.7,12331,74.9,22248,101.3,21778,99.2,21907,21285,97.2,21262,97.1,20800,94.9,21213,96.8,281,1.282695028986169,222,257.0,21462,98.0,21346,97.4,21333,97.4,21661,20723,95.7,20756,95.8,20712,95.6,8659,22946,14458,18010,82.0,CARIBE,524352.0,2017
11,BOGOTA D.C.,104937,109138,104.0,108130,103.0,92493,88.1,93060,88.7,92583,88.2,93134,88.8,93048,88.7,91199,86.9,91947,87.6,79922,101.5,54908,69.8,93180,88.8,95957,91.4,105191,97298,92.5,96302,91.5,86490,82.2,97059,92.3,613,0.5827494747649513,698,1020.0,97130,92.3,88295,83.9,88338,84.0,106379,91378,85.9,91438,86.0,91929,86.4,104186,253043,66768,86079,82.0,ANDINA,2540684.0,2017
13,BOLIVAR,21542,10386,48.2,9600,44.6,19042,88.4,18169,84.3,19049,88.4,18588,86.3,18202,84.5,18224,84.6,17791,82.6,15093,93.4,10293,63.7,18546,86.1,18132,84.2,22079,18336,83.0,17581,79.6,17013,77.1,17963,81.4,185,0.8379002672222474,210,502.0,17452,79.0,17931,81.2,17836,80.8,21989,20049,91.2,19930,90.6,19739,89.8,5810,18757,12832,16141,74.9,CARIBE,433241.0,2017
13001,CARTAGENA,18943,19908,105.1,19783,104.4,18503,97.7,16788,88.6,18551,97.9,17967,94.8,16785,88.6,17876,94.4,17428,92.0,14261,100.4,10171,71.6,17891,94.4,16717,88.2,19050,17790,93.4,16993,89.2,15603,81.9,16149,84.8,162,0.8503937007874015,321,248.0,16079,84.4,15744,82.6,15845,83.2,18350,16314,88.9,16291,88.8,16482,89.8,3338,11784,14288,15962,84.3,CARIBE,416060.0,2017
15,BOYACA,16003,15080,94.2,14992,93.7,15181,94.9,15205,95.0,15186,94.9,15220,95.1,15204,95.0,15052,94.1,15101,94.4,13258,110.5,10539,87.8,15218,95.1,15258,95.3,16381,15675,95.7,15645,95.5,15016,91.7,15641,95.5,60,0.3662780050057994,89,76.0,15704,95.9,15129,92.4,15141,92.4,18243,16992,93.1,16997,93.2,16989,93.1,8549,44948,11098,13532,84.6,ANDINA,414243.0,2017
17,CALDAS,10096,9410,93.2,9500,94.1,9672,95.8,9769,96.8,9695,96.0,9824,97.3,9803,97.1,9371,92.8,9468,93.8,8539,112.8,6565,86.7,9385,93.0,9447,93.6,10180,9652,94.8,9671,95.0,9391,92.2,9395,92.3,12,0.11787819253438114,11,53.0,9765,95.9,9466,93.0,9706,95.3,10963,9900,90.3,10008,91.3,9582,87.4,3682,29993,5690,8408,83.3,ANDINA,256425.0,2017
18,CAQUETA,8488,7608,89.6,7400,87.2,7254,85.5,6722,79.2,7256,85.5,7058,83.2,6720,79.2,6843,80.6,6759,79.6,6519,102.4,4858,76.3,7269,85.6,7069,83.3,8617,6983,81.0,6949,80.6,8602,99.8,6806,79.0,99,1.1488917256585818,171,125.0,7001,81.2,6225,72.2,6224,72.2,9133,7331,80.3,7334,80.3,7377,80.8,1235,8748,5558,6123,72.1,AMAZONIA,176103.0,2017
85,CASANARE,7346,6542,89.1,5808,79.1,6641,90.4,6588,89.7,6644,90.4,6582,89.6,6606,89.9,6552,89.2,6500,88.5,5979,108.5,4360,79.1,6638,90.4,6521,88.8,7543,6687,88.7,6644,88.1,9301,123.3,6657,88.3,13,0.1723452207344558,24,36.0,6693,88.7,6829,90.5,6829,90.5,7544,7246,96.0,7252,96.1,7249,96.1,529,5201,4476,5700,77.6,LLANOS,163627.0,2017
19,CAUCA,21816,17990,82.5,17597,80.7,21088,96.7,20713,94.9,21104,96.7,20704,94.9,20715,95.0,20429,93.6,20155,92.4,19045,116.4,12983,79.3,20417,93.6,20364,93.3,22336,21265,95.2,21039,94.2,19422,87.0,20258,90.7,105,0.4700931232091691,239,105.0,21078,94.4,19566,87.6,19540,87.5,23015,21289,92.5,21288,92.5,21162,91.9,4300,43452,12807,16279,74.6,PACIFICO,520219.0,2017
20,CESAR,23054,21378,92.7,20611,89.4,22755,98.7,21262,92.2,22779,98.8,22054,95.7,21256,92.2,21779,94.5,21202,92.0,18349,106.1,13555,78.4,21982,95.4,21039,91.3,23487,22458,95.6,21916,93.3,21103,89.8,21197,90.2,393,1.6732660620768935,443,546.0,22378,95.3,20574,87.6,20581,87.6,24069,22496,93.5,22492,93.4,21944,91.2,608,26087,14683,20209,87.7,CARIBE,529900.0,2017
27,CHOCO,11015,9249,84.0,7127,64.7,10358,94.0,8519,77.3,10363,94.1,9323,84.6,8517,77.3,8518,77.3,8053,73.1,7561,91.5,4434,53.7,10421,94.6,9363,85.0,11596,9661,83.3,9290,80.1,11850,102.2,9374,80.8,209,1.802345636426354,575,184.0,9476,81.7,6927,59.7,6929,59.8,11409,8781,77.0,8781,77.0,8757,76.8,2133,6038,5691,6880,62.5,PACIFICO,216462.0,2017
23,CORDOBA,31722,26405,83.2,26179,82.5,28687,90.4,28670,90.4,28765,90.7,28533,89.9,28672,90.4,28045,88.4,27758,87.5,22699,95.4,15741,66.2,28365,89.4,28561,90.0,31986,28293,88.5,26921,84.2,26566,83.1,27811,86.9,170,0.5314825236040768,220,172.0,28169,88.1,26773,83.7,26766,83.7,32306,29229,90.5,29198,90.4,29058,89.9,8194,20807,20546,23799,75.0,CARIBE,675973.0,2017
25,CUNDINAMARCA,35365,18824,53.2,18656,52.8,31640,89.5,33620,95.1,31651,89.5,32620,92.2,33628,95.1,31292,88.5,32293,91.3,25848,97.5,17760,67.0,31455,88.9,32377,91.6,36312,34536,95.1,33303,91.7,32506,89.5,33994,93.6,77,0.2120511125798634,96,184.0,33151,91.3,33007,90.9,33043,91.0,39499,35542,90.0,35587,90.1,35597,90.1,19053,73927,17094,25864,73.1,ANDINA,822361.0,2017
94,GUAINIA,833,1097,131.7,884,106.1,999,119.9,774,92.9,1001,120.2,925,111.0,777,93.3,797,95.7,764,91.7,707,113.2,418,66.9,1016,122.0,922,110.7,880,879,99.9,866,98.4,950,108.0,814,92.5,37,4.204545454545454,56,64.0,881,100.1,546,62.0,545,61.9,931,759,81.5,759,81.5,758,81.4,594,1448,443,588,70.6,AMAZONIA,21480.0,2017
95,GUAVIARE,1367,1328,97.1,1290,94.4,1360,99.5,1277,93.4,1361,99.6,1317,96.3,1278,93.5,1303,95.3,1285,94.0,993,96.9,622,60.7,1374,100.5,1276,93.3,1377,1302,94.6,1285,93.3,1376,99.9,1262,91.6,1,0.07262164124909223,13,4.0,1306,94.8,1153,83.7,1153,83.7,1667,1366,81.9,1367,82.0,1377,82.6,583,1340,786,1057,77.3,AMAZONIA,31738.0,2017
41,HUILA,20242,20245,100.0,20197,99.8,19347,95.6,18920,93.5,19326,95.5,19042,94.1,18921,93.5,19123,94.5,18882,93.3,15907,104.8,12470,82.1,19363,95.7,19083,94.3,20627,19269,93.4,19073,92.5,18120,87.8,19211,93.1,43,0.20846463373248655,102,66.0,18954,91.9,18277,88.6,18287,88.7,20535,19849,96.7,19848,96.7,19887,96.8,7967,29457,13695,17316,85.5,ANDINA,482931.0,2017
44,LA GUAJIRA,20995,19777,94.2,18216,86.8,20068,95.6,18001,85.7,20099,95.7,18602,88.6,18098,86.2,17400,82.9,16676,79.4,15835,100.6,9138,58.0,19541,93.1,17803,84.8,21390,19502,91.2,19217,89.8,13640,63.8,18039,84.3,823,3.847592332865825,939,1793.0,19169,89.6,13422,62.7,13414,62.7,20940,17111,81.7,17253,82.4,17229,82.3,2882,8095,10995,13957,66.5,CARIBE,422777.0,2017
47,MAGDALENA,17466,14158,81.1,13800,79.0,16708,95.7,15906,91.1,16706,95.6,16296,93.3,15905,91.1,16324,93.5,16007,91.6,12055,92.0,8448,64.5,16676,95.5,16279,93.2,17924,16502,92.1,16419,91.6,15969,89.1,16343,91.2,142,0.7922338763668824,188,235.0,16481,91.9,15821,88.3,15820,88.3,18494,16777,90.7,16762,90.6,16813,90.9,2500,11159,9739,13045,74.7,CARIBE,382938.0,2017
47001,SANTA MARTA,8983,9188,102.3,9080,101.1,8439,93.9,7665,85.3,8392,93.4,8114,90.3,7574,84.3,7837,87.2,7638,85.0,6235,92.5,4125,61.2,8376,93.2,7969,88.7,9053,8169,90.2,7530,83.2,6862,75.8,7927,87.6,88,0.9720534629404617,206,233.0,7899,87.3,7173,79.2,7272,80.3,9123,7313,80.2,7385,80.9,7172,78.6,6546,9248,5379,6499,72.3,CARIBE,197034.0,2017
50,META,16563,15808,95.4,15869,95.8,15088,91.1,14676,88.6,15082,91.1,15012,90.6,14619,88.3,14379,86.8,14354,86.7,10865,87.5,8328,67.0,14501,87.6,14093,85.1,16846,15001,89.0,14996,89.0,16260,96.5,13539,80.4,78,0.46301792710435713,231,98.0,14614,86.8,14312,85.0,14296,84.9,17237,15070,87.4,15115,87.7,15024,87.2,10093,22002,8367,12387,74.8,LLANOS,371770.0,2017
52,NARIﾃ前,21185,19668,92.8,19290,91.1,19338,91.3,19500,92.0,19382,91.5,19192,90.6,19504,92.1,18892,89.2,18885,89.1,16258,102.3,12232,77.0,19421,91.7,19526,92.2,21573,19693,91.3,19685,91.2,18253,84.6,19724,91.4,69,0.3198442497566402,144,145.0,19777,91.7,18356,85.1,18360,85.1,23071,19576,84.9,19569,84.8,19642,85.1,2279,62863,12700,16518,78.0,PACIFICO,511923.0,2017
54,NORTE DE SANTANDER,23615,21757,92.1,21112,89.4,23861,101.0,24532,103.9,24319,103.0,24981,105.8,24661,104.4,23781,100.7,23609,100.0,21108,119.2,13236,74.7,28044,118.8,24337,103.1,23996,23993,100.0,24932,103.9,19094,79.6,23226,96.8,1135,4.72995499249875,1459,746.0,23958,99.8,19946,83.1,19996,83.3,24010,21138,88.0,21159,88.1,20907,87.1,9716,28373,14159,18139,76.8,ANDINA,573275.0,2017
86,PUTUMAYO,4978,4331,87.0,4369,87.8,4786,96.1,4592,92.2,4787,96.2,4682,94.1,4593,92.3,4622,92.8,4555,91.5,3257,87.2,2555,68.4,4797,96.4,4692,94.3,5156,4718,91.5,4673,90.6,7119,138.1,4696,91.1,32,0.6206361520558572,127,96.0,4754,92.2,4548,88.2,4554,88.3,5528,5240,94.8,5238,94.8,5260,95.2,770,9444,3108,3984,80.0,AMAZONIA,120995.0,2017
63,QUINDIO,5966,6125,102.7,6084,102.0,5681,95.2,5579,93.5,5690,95.4,5724,95.9,5577,93.5,5690,95.4,5732,96.1,4576,102.3,3546,79.2,5751,96.4,5774,96.8,5938,5799,97.7,5787,97.5,5562,93.7,5774,97.2,25,0.42101717750084205,26,24.0,5481,92.3,5678,95.6,5687,95.8,6231,5830,93.6,5822,93.4,5834,93.6,1969,17717,3960,5200,87.2,ANDINA,152504.0,2017
66,RISARALDA,11159,11039,98.9,10983,98.4,10418,93.4,10188,91.3,10427,93.4,10351,92.8,10187,91.3,10208,91.5,10169,91.1,8852,105.8,6400,76.5,10311,92.4,10246,91.8,11247,10595,94.2,10584,94.1,10047,89.3,10201,90.7,75,0.6668444918644971,89,182.0,10605,94.3,10431,92.7,10315,91.7,11878,11090,93.4,11016,92.7,10840,91.3,2995,34588,5969,9239,82.8,ANDINA,279401.0,2017
88,SAN ANDRES ISLA,893,794,88.9,788,88.2,820,91.8,867,97.1,823,92.2,841,94.2,862,96.5,789,88.4,825,92.4,745,111.2,490,73.2,824,92.3,850,95.2,911,866,95.1,860,94.4,735,80.7,866,95.1,0,0.0,1,1.0,867,95.2,789,86.6,791,86.8,924,784,84.8,804,87.0,821,88.9,1147,1468,554,735,82.3,CARIBE,21672.0,2017
68,SANTANDER,33237,30640,92.2,30687,92.3,29175,87.8,29387,88.4,29504,88.8,29388,88.4,29619,89.1,29219,87.9,29164,87.7,26155,104.9,20321,81.5,29859,89.8,29736,89.5,33357,29984,89.9,30268,90.7,28308,84.9,30151,90.4,307,0.920346553946698,175,362.0,29874,89.6,28457,85.3,28550,85.6,31679,29113,91.9,29306,92.5,27990,88.4,14048,50822,20309,25680,77.3,ANDINA,750878.0,2017
70,SUCRE,15463,14992,97.0,14906,96.4,15220,98.4,14257,92.2,15268,98.7,14755,95.4,14247,92.1,14875,96.2,14302,92.5,10464,90.2,9441,81.4,15451,99.9,14664,94.8,15738,14752,93.7,14361,91.3,14108,89.6,14581,92.6,112,0.7116533231668573,143,194.0,14741,93.7,14153,89.9,14138,89.8,17175,16058,93.5,16057,93.5,16052,93.5,5726,26179,11281,13690,88.5,CARIBE,375478.0,2017
73,TOLIMA,18848,16503,87.6,16267,86.3,17250,91.5,16827,89.3,17264,91.6,17270,91.6,16749,88.9,17147,91.0,17234,91.4,14310,101.2,9334,66.0,17088,90.7,17065,90.5,19010,17589,92.5,17083,89.9,16545,87.0,17373,91.4,49,0.2577590741714887,60,151.0,17021,89.5,16889,88.8,16866,88.7,19927,17735,89.0,17696,88.8,17519,87.9,9298,30002,9212,14868,78.9,ANDINA,431396.0,2017
76,VALLE DEL CAUCA,57449,50642,88.2,50588,88.1,54615,95.1,54918,95.6,54947,95.6,54820,95.4,54670,95.2,54573,95.0,54372,94.6,36587,84.9,25972,60.3,54541,94.9,54364,94.6,58240,55992,96.1,56228,96.5,54410,93.4,55354,95.0,2096,3.5989010989010985,471,2190.0,55465,95.2,54461,93.5,54693,93.9,58790,55884,95.1,56161,95.5,55916,95.1,34762,110675,28213,49125,85.5,PACIFICO,1388580.0,2017
76109,BUENAVENTURA,5898,4861,82.4,4590,77.8,5004,84.8,4009,68.0,5038,85.4,4610,78.2,4047,68.6,4464,75.7,4218,71.5,3503,79.2,2193,49.6,5036,85.4,4573,77.5,6138,4689,76.4,4550,74.1,3383,55.1,4521,73.7,102,1.6617790811339197,220,326.0,4619,75.3,3592,58.5,3614,58.9,7012,4585,65.4,4591,65.5,4504,64.2,5486,8517,3419,3952,67.0,PACIFICO,116864.0,2017
97,VAUPES,831,716,86.2,588,70.8,694,83.5,703,84.6,699,84.1,639,76.9,694,83.5,568,68.4,548,65.9,517,83.0,263,42.2,700,84.2,653,78.6,862,746,86.5,691,80.2,765,88.7,726,84.2,17,1.9721577726218096,31,46.0,751,87.1,489,56.7,490,56.8,822,766,93.2,767,93.3,752,91.5,160,1140,311,563,67.7,AMAZONIA,16630.0,2017
99,VICHADA,1821,1517,83.3,957,52.6,1780,97.7,1099,60.4,1774,97.4,1475,81.0,1099,60.4,1199,65.8,1134,62.3,1079,79.0,641,46.9,1802,99.0,1407,77.3,1871,1665,89.0,1409,75.3,2081,111.2,1334,71.3,129,6.894708711918759,208,88.0,1605,85.8,917,49.0,908,48.5,1841,1254,68.1,1243,67.5,1161,63.1,256,1124,678,1031,56.6,LLANOS,33023.0,2017
91,AMAZONAS,1700,1510,100.0,1371,90.8,1482,98.1,1422,94.2,1482,98.1,1454,96.3,1429,94.64,1374,80.8,1382,91.5,1364,120.4,1107,97.7,1477,97.8,1459,96.6,1761,1550,100.0,1515,97.7,1579,101.9,1541,99.4,5,0.31746031746031744,21,24.0,1850,119.4,1374,88.6,1375,88.7,1976,1390,100.0,1388,99.9,1385,99.6,1481,1621,870,1093,64.3,AMAZONIA,37282.0,2018
5,ANTIOQUIA,78215,74320,100.0,73602,99.0,74066,99.7,73627,99.1,74116,99.7,74138,99.8,73535,98.94,70602,90.3,71135,95.7,67178,120.5,53732,96.4,74727,100.5,74348,100.0,80134,76809,100.0,76708,99.9,68839,89.6,75827,98.7,670,0.836099533281753,1007,3082.0,78374,102.0,69119,90.0,69072,89.9,85619,73528,100.0,73627,100.1,74051,100.7,56905,271960,59589,65047,83.2,ANDINA,2058293.0,2018
81,ARAUCA,4526,5195,100.0,5087,97.9,5005,96.3,4843,93.2,5008,96.4,4909,94.5,4846,93.28,4868,107.6,4725,91.0,4138,106.2,3075,78.9,5153,99.2,4940,95.1,4629,4997,100.0,5041,100.9,5120,102.5,4852,97.1,178,3.8453229639230937,176,382.0,5095,102.0,4348,87.0,4346,87.0,4950,4471,100.0,4497,100.6,4491,100.4,3214,4627,2990,4181,92.4,LLANOS,120617.0,2018
8,ATLANTICO,20676,20272,100.0,19429,95.8,19795,97.6,21146,104.3,19715,97.3,19993,98.6,21135,104.26,19087,92.3,20848,102.8,17941,118.0,11704,77.0,19081,94.1,20741,102.3,21092,21438,100.0,21677,101.1,20094,93.7,21105,98.4,369,1.7494784752512802,792,475.0,21599,100.8,19874,92.7,19930,93.0,21627,20911,100.0,20898,99.9,20960,100.2,15660,14718,14210,16064,77.7,CARIBE,505597.0,2018
8001,BARRANQUILLA,21732,21589,100.0,21588,100.0,21352,98.9,20957,97.1,21321,98.8,20980,97.2,21058,97.54,21271,97.9,20811,96.4,20227,124.9,14064,86.9,21715,100.6,21330,98.8,21844,22021,100.0,21720,98.6,21025,95.5,21502,97.6,347,1.5885368980040286,331,673.0,22076,100.2,20985,95.3,21087,95.8,23376,22355,100.0,22370,100.1,22347,100.0,7867,31279,16584,17656,81.2,CARIBE,542832.0,2018
11,BOGOTA D.C.,104937,101990,100.0,102118,100.1,88109,86.4,90247,88.5,87999,86.3,89256,87.5,90293,88.53,86624,82.5,87097,85.4,61012,79.8,44525,58.2,89852,88.1,90885,89.1,105191,94619,100.0,95189,100.6,84108,88.9,92243,97.5,2692,2.559154300272837,1807,5438.0,96110,101.6,85234,90.1,85283,90.1,106379,93458,100.0,93544,100.1,94598,101.2,207113,276157,58709,83019,79.1,ANDINA,2576309.0,2018
13,BOLIVAR,21390,10641,100.0,10193,95.8,18532,174.2,18825,176.9,18391,172.8,18660,175.4,18767,176.37,17806,83.2,17887,168.1,17900,224.3,13075,163.8,18754,176.2,19065,179.2,21923,20020,100.0,19970,99.8,16338,81.6,19829,99.0,294,1.341057337043288,315,559.0,20188,100.8,17751,88.7,17907,89.4,22577,18549,100.0,18859,101.7,18407,99.2,6944,19406,14316,15716,73.5,CARIBE,448148.0,2018
13001,CARTAGENA,19368,19157,100.0,19154,100.0,18117,94.6,17605,91.9,18207,95.0,18095,94.5,17604,91.89,17534,90.5,17398,90.8,15277,106.3,11695,81.4,19612,102.4,18949,98.9,19588,19222,100.0,19048,99.1,15356,79.9,19055,99.1,463,2.363692056361037,728,660.0,20408,106.2,15373,80.0,15394,80.1,19239,16901,100.0,16911,100.1,17150,101.5,11426,25534,16258,15634,80.7,CARIBE,458291.0,2018
15,BOYACA,14411,13822,100.0,13737,99.4,14420,104.3,14643,105.9,14422,104.3,14452,104.6,14639,105.91,14301,99.2,14350,103.8,13105,126.4,12075,116.5,14445,104.5,14489,104.8,15751,15240,100.0,15221,99.9,14912,97.8,15164,99.5,71,0.4507650307916958,71,79.0,15264,100.2,14863,97.5,14860,97.5,17908,16570,100.0,16569,100.0,16603,100.2,13573,51104,12098,12577,87.3,ANDINA,415162.0,2018
17,CALDAS,10175,8759,100.0,8686,99.2,8882,101.4,9887,112.9,8780,100.2,8909,101.7,9848,112.43,8767,86.2,9491,108.4,8424,128.2,7074,107.7,8844,101.0,9892,112.9,10331,9994,100.0,9981,99.9,9632,96.4,9800,98.1,116,1.1228341883651147,407,34.0,10041,100.5,9022,90.3,9124,91.3,11389,9641,100.0,9738,101.0,9018,93.5,5402,39104,6903,11263,110.7,ANDINA,264200.0,2018
18,CAQUETA,7880,7285,100.0,7070,97.0,7177,98.5,6819,93.6,7177,98.5,7044,96.7,6823,93.66,6747,85.6,6738,92.5,6646,121.6,5157,94.4,7185,98.6,7046,96.7,7870,7325,100.0,7315,99.9,7635,104.2,7160,97.7,85,1.0800508259212198,148,100.0,7343,100.2,6216,84.9,6216,84.9,8384,7022,100.0,7021,100.0,7076,100.8,2217,11608,6474,6217,78.9,AMAZONIA,179875.0,2018
85,CASANARE,7308,6053,100.0,5982,98.8,6461,106.7,6500,107.4,6471,106.9,6601,109.1,6497,107.34,6405,87.6,6533,107.9,6287,138.5,5203,114.6,6469,106.9,6565,108.5,7411,6835,100.0,6827,99.9,7037,103.0,6846,100.2,15,0.20240183510997167,26,35.0,6851,100.2,6613,96.8,6612,96.7,7687,7057,100.0,7056,100.0,7055,100.0,2376,11389,5376,5460,74.7,LLANOS,170033.0,2018
19,CAUCA,22109,16596,100.0,16216,97.7,19546,117.8,20543,123.8,19548,117.8,19797,119.3,20547,123.81,19020,86.0,19352,116.6,18890,151.8,14340,115.2,19571,117.9,19960,120.3,22724,21279,100.0,21097,99.1,18806,88.4,21362,100.4,87,0.382855131138884,179,133.0,21134,99.3,18884,88.7,18896,88.8,23406,20863,100.0,20845,99.9,20858,100.0,5429,45100,15132,16179,73.2,PACIFICO,514010.0,2018
20,CESAR,23192,22214,100.0,21469,96.6,23437,105.5,22560,101.6,23433,105.5,23095,104.0,22573,101.62,21520,92.8,20946,94.3,20959,125.8,15682,94.1,25013,112.6,23750,106.9,23773,24429,100.0,24178,99.0,21647,88.6,23830,97.5,1286,5.409498170193077,1091,1788.0,24789,101.5,20559,84.2,20519,84.0,25149,22543,100.0,22464,99.6,22564,100.1,6433,27847,18907,20879,90.0,CARIBE,571525.0,2018
27,CHOCO,10788,9441,100.0,7096,75.2,10886,115.3,9192,97.4,10889,115.3,10000,105.9,9199,97.44,8622,79.9,8446,89.5,9353,132.1,5556,78.5,10798,114.4,9948,105.4,11304,10747,100.0,10841,100.9,11099,103.3,10169,94.6,254,2.2469922151450814,699,107.0,10896,101.4,6780,63.1,6781,63.1,11469,8816,100.0,8815,100.0,8878,100.7,2055,6203,6777,6937,64.3,PACIFICO,229343.0,2018
23,CORDOBA,31959,26796,100.0,26063,97.3,27894,104.1,27831,103.9,27829,103.9,27914,104.2,27811,103.79,27204,85.1,27417,102.3,26537,132.0,20960,104.3,27915,104.2,27938,104.3,32140,29019,100.0,28999,99.9,27002,93.0,28682,98.8,219,0.6813939016801493,286,510.0,29043,100.1,26943,92.8,27030,93.1,33063,28619,100.0,28658,100.1,28656,100.1,11689,26705,23031,24452,76.5,CARIBE,695200.0,2018
25,CUNDINAMARCA,34881,17249,100.0,17132,99.3,31368,181.9,33684,195.3,31361,181.8,32643,189.2,33683,195.28,31053,89.0,32361,187.6,29321,226.6,20636,159.5,31528,182.8,32691,189.5,36013,35425,100.0,35601,100.5,32690,92.3,35324,99.7,218,0.6053369616527365,198,510.0,36087,101.9,32802,92.6,32850,92.7,38315,35614,100.0,35720,100.3,35729,100.3,15669,79230,19870,25694,73.7,ANDINA,838247.0,2018
94,GUAINIA,842,1048,100.0,868,82.8,1034,98.7,893,85.2,1033,98.6,943,90.0,893,85.21,822,97.6,789,75.3,790,100.5,552,70.2,1044,99.6,938,89.5,884,1032,100.0,1019,98.7,1045,101.3,946,91.7,67,7.579185520361991,104,76.0,1042,101.0,648,62.8,649,62.9,950,828,100.0,830,100.2,847,102.3,2097,2311,544,681,80.9,AMAZONIA,25732.0,2018
95,GUAVIARE,1379,1331,100.0,1296,97.4,1322,99.3,1368,102.8,1322,99.3,1340,100.7,1370,102.93,1261,91.4,1285,96.5,1000,100.2,884,88.6,1328,99.8,1357,102.0,1386,1403,100.0,1410,100.5,1435,102.3,1419,101.1,5,0.36075036075036077,11,8.0,1404,100.1,1220,87.0,1221,87.0,1673,1336,100.0,1336,100.0,1343,100.5,519,1456,1003,1183,85.8,AMAZONIA,32993.0,2018
41,HUILA,20109,19127,100.0,19130,100.0,18631,97.4,18544,97.0,18627,97.4,18699,97.8,18541,96.94,18406,91.5,18514,96.8,16158,112.6,13220,92.2,18614,97.3,18676,97.6,20502,19559,100.0,19414,99.3,18310,93.6,19414,99.3,65,0.31704223978148477,90,119.0,19790,101.2,18483,94.5,18478,94.5,20876,19904,100.0,19907,100.0,19935,100.2,4633,34205,14210,16948,84.3,ANDINA,481403.0,2018
44,LA_GUAJIRA,21078,21362,100.0,19727,92.3,21130,98.9,19098,89.4,21134,98.9,19525,91.4,19096,89.39,18444,87.5,17678,82.8,18662,116.5,12509,78.1,21873,102.4,19797,92.7,21574,20981,100.0,20701,98.7,14063,67.0,20194,96.2,1127,5.223880597014925,1099,2784.0,21052,100.3,14174,67.6,14177,67.6,22023,17215,100.0,17229,100.1,17221,100.0,3844,11092,14483,14547,69.0,CARIBE,461471.0,2018
47,MAGDALENA,17436,13561,100.0,13135,96.9,16313,120.3,16302,120.2,16315,120.3,16360,120.6,16293,120.15,15692,90.0,15861,117.0,14206,139.7,10411,102.4,16370,120.7,16317,120.3,17950,17056,100.0,17095,100.2,15466,90.7,16870,98.9,346,1.9275766016713092,387,577.0,17227,101.0,15387,90.2,15357,90.0,18959,16423,100.0,16442,100.1,16442,100.1,5667,12825,12613,13323,76.4,CARIBE,393316.0,2018
47001,SANTA MARTA,9091,8574,100.0,8192,95.5,8466,98.7,7941,92.6,8394,97.9,8247,96.2,7956,92.79,7970,87.7,7746,90.3,6992,108.7,4710,73.2,8240,96.1,8103,94.5,9130,8400,100.0,8275,98.5,7181,85.5,7823,93.1,159,1.7415115005476451,167,290.0,8460,100.7,7179,85.5,7389,88.0,9458,7473,100.0,7651,102.4,7462,99.9,5867,11621,6434,6602,72.6,CARIBE,203362.0,2018
50,META,16000,15334,100.0,15376,100.3,14829,96.7,14453,94.3,14849,96.8,14819,96.6,14425,94.07,14364,89.8,14473,94.4,11777,102.4,8358,72.7,15512,101.2,15739,102.6,16307,15395,100.0,15392,100.0,15823,102.8,16054,104.3,121,0.7420126326117618,271,208.0,15760,102.4,14171,92.0,14171,92.0,17196,14894,100.0,14786,99.3,14901,100.0,12566,23107,9477,12268,76.7,LLANOS,381405.0,2018
52,NARIﾃ前,21309,18534,100.0,18082,97.6,18614,100.4,18259,98.5,18617,100.4,18486,99.7,18253,98.48,18039,84.7,18072,97.5,15030,108.1,13041,93.8,18726,101.0,18518,99.9,21730,19585,100.0,19691,100.5,18065,92.2,19386,99.0,269,1.237919926369075,183,499.0,19748,100.8,18156,92.7,18162,92.7,23264,19227,100.0,19209,99.9,19236,100.0,8033,72349,15043,15901,74.6,PACIFICO,517112.0,2018
54,NORTE_DE_SANTANDER,23758,20619,100.0,20311,98.5,22131,107.3,22414,108.7,22162,107.5,21924,106.3,22065,107.01,21426,90.2,20965,101.7,21995,142.2,15901,102.8,23224,112.6,22032,106.9,24173,22408,100.0,19435,86.7,24573,109.7,21682,96.8,798,3.3012038224465314,734,540.0,23439,104.6,18663,83.3,18701,83.5,24111,20319,100.0,20381,100.3,20241,99.6,8868,40207,18482,18385,77.4,ANDINA,556640.0,2018
86,PUTUMAYO,4936,4142,100.0,4095,98.9,4709,113.7,4700,113.5,4712,113.8,4736,114.3,4699,113.45,4574,92.7,4612,111.3,3152,101.5,2778,89.4,4725,114.1,4735,114.3,5039,4906,100.0,4788,97.6,5144,104.9,4850,98.9,36,0.7144274657670172,37,116.0,4953,101.0,4469,91.1,4488,91.5,5554,4891,100.0,4911,100.4,4945,101.1,1314,9326,3438,3967,80.4,AMAZONIA,118981.0,2018
63,QUINDIO,5929,5792,100.0,5748,99.2,5570,96.2,5699,98.4,5571,96.2,5641,97.4,5698,98.38,5517,93.1,5549,95.8,5727,131.8,4573,105.3,5610,96.9,5655,97.6,5894,5891,100.0,5941,100.8,5578,94.7,5838,99.1,63,1.0688836104513064,51,85.0,6245,106.0,5620,95.4,5628,95.5,6259,5970,100.0,5956,99.8,5982,100.2,5443,26440,5162,5045,85.1,ANDINA,168243.0,2018
66,RISARALDA,10840,10772,100.0,10585,98.3,10206,94.7,10254,95.2,10209,94.8,10169,94.4,10244,95.1,9987,92.1,9998,92.8,8568,106.1,6847,84.8,10331,95.9,10361,96.2,11014,10662,100.0,10742,100.8,9978,93.6,10551,99.0,165,1.4980933357544943,185,274.0,10824,101.5,10429,97.8,10446,98.0,12348,11095,100.0,10987,99.0,11038,99.5,5543,43677,6824,9103,84.0,ANDINA,291951.0,2018
88,SAN_ANDRES_ISLAS,895,743,100.0,739,99.5,789,106.2,815,109.7,785,105.7,799,107.5,824,110.9,761,85.0,779,104.8,684,122.7,587,105.3,790,106.3,796,107.1,916,820,100.0,811,98.9,752,91.7,818,99.8,0,0.0,1,3.0,821,100.1,773,94.3,776,94.6,926,825,100.0,828,100.4,829,100.5,1798,2054,697,688,76.9,CARIBE,22497.0,2018
68,SANTANDER,32581,28657,100.0,28711,100.2,28702,100.2,28717,100.2,28794,100.5,28749,100.3,28753,100.33,28410,87.2,28436,99.2,27870,129.7,22475,104.6,28811,100.5,28889,100.8,32919,29716,100.0,29652,99.8,27513,92.6,29606,99.6,231,0.7017224095507154,268,449.0,30090,101.3,27280,91.8,27476,92.5,33449,28233,100.0,28322,100.3,28130,99.6,24805,79100,24207,24608,75.5,ANDINA,781052.0,2018
70,SUCRE,14817,14776,100.0,14737,99.7,15132,102.4,15111,102.3,15137,102.4,15038,101.8,15122,102.34,14563,98.3,14458,97.8,11609,104.8,10249,92.5,15246,103.2,15198,102.9,15218,15308,100.0,15232,99.5,13987,91.4,15251,99.6,67,0.4402681035615718,135,162.0,15381,100.5,13898,90.8,13905,90.8,17425,15230,100.0,15247,100.1,15299,100.5,4095,25900,12478,13542,91.4,CARIBE,377951.0,2018
73,TOLIMA,18286,15258,100.0,15077,98.8,17233,112.9,17361,113.8,17236,113.0,17205,112.8,17353,113.73,17062,93.3,17001,111.4,16389,143.2,13725,119.9,17396,114.0,17509,114.8,18351,18184,100.0,18166,99.9,16624,91.4,18323,100.8,70,0.381450602147022,115,238.0,18401,101.2,16723,92.0,16765,92.2,19998,17835,100.0,18026,101.1,17631,98.9,19348,45550,11189,14143,77.3,ANDINA,468993.0,2018
76,VALLE_DEL_CAUCA,51379,46624,100.0,45985,98.6,52054,111.6,51981,111.5,51790,111.1,52278,112.1,52121,111.79,51609,100.4,51990,111.5,41491,118.7,32324,92.4,51938,111.4,52468,112.5,52858,52751,100.0,53373,101.2,51176,97.0,52531,99.6,1962,3.711831700026486,1021,1905.0,52766,100.0,51449,97.5,51404,97.4,55526,53212,100.0,54054,101.6,53352,100.3,44542,129202,31734,38512,75.0,PACIFICO,1371087.0,2018
76109,BUENAVENTURA,5113,4481,100.0,4304,96.0,4575,102.1,3958,88.3,4586,102.3,4287,95.7,3955,88.26,4023,78.7,3873,86.4,4143,123.3,2977,88.6,4523,100.9,4151,92.6,5113,4608,100.0,4584,99.5,3083,66.9,4393,95.3,117,2.288284764326227,159,251.0,4624,100.3,3177,68.9,3171,68.8,6010,3914,100.0,3927,100.3,3743,95.6,5021,5474,3951,3754,73.4,PACIFICO,108033.0,2018
97,VAUPES,828,782,100.0,596,76.2,778,99.5,645,82.5,779,99.6,714,91.3,641,81.97,669,80.8,636,81.3,592,100.9,428,73.0,774,99.0,712,91.0,861,723,100.0,738,102.1,757,104.7,676,93.5,15,1.7421602787456445,29,21.0,731,101.1,608,84.1,610,84.4,823,720,100.0,708,98.3,719,99.9,409,958,444,503,60.7,AMAZONIA,17612.0,2018
99,VICHADA,1841,1682,100.0,1085,64.5,1874,111.4,1267,75.3,1865,110.9,1588,94.4,1273,75.68,1284,69.7,1185,70.5,1311,103.9,791,62.7,1923,114.3,1546,91.9,1895,1817,100.0,1736,95.5,1842,101.4,1434,78.9,238,12.559366754617415,266,185.0,1819,100.1,956,52.6,945,52.0,1874,1307,100.0,1312,100.4,1280,97.9,1363,2322,1145,1162,63.1,LLANOS,38641.0,2018
91,AMAZONAS,1611,1353,84.0,1205,74.8,1429,88.7,1468,91.1,1424,88.4,1472,91.4,1467,91.1,1318,81.8,1363,84.6,1234,76.6,951,59.0,1426,88.5,1477,91.7,1668,1545,92.6,1494,89.6,1567,93.9,1563,93.7,1527,91.5,9,0.4878048780487805,18,43.0,1308,78.4,1300,77.9,1870,1583,84.7,1582,84.6,1583,84.7,747,629,694,979,60.8,AMAZONIA,34736.48780487805,2019
5,ANTIOQUIA,74381,69840,93.9,69229,93.1,72306,97.2,70732,95.1,72362,97.3,72006,96.8,70752,95.1,70558,94.9,70612,94.9,53755,72.3,43606,58.6,72634,97.7,71754,96.5,77622,73842,95.1,66259,85.4,74272,95.7,69153,89.1,73046,94.1,582,0.7497874313983149,810,4146.0,69344,89.3,69292,89.3,84171,74256,88.2,74083,88.0,74676,88.7,46342,52347,56014,60498,81.3,ANDINA,1754464.7497874314,2019
81,ARAUCA,4287,4873,113.7,4805,112.1,5210,121.5,4936,115.1,5213,121.6,5028,117.3,4936,115.1,5030,117.3,4879,113.8,3351,78.2,2659,62.0,5254,122.6,5052,117.8,4492,4884,108.7,4867,108.3,4901,109.1,4972,110.7,4834,107.6,47,1.0463045414069456,85,163.0,4493,100.0,4490,100.0,4811,4325,89.9,4325,89.9,4354,90.5,1645,1156,3139,3819,89.1,LLANOS,113744.0463045414,2019
8,ATLANTICO,19832,21160,106.7,20788,104.8,19253,97.1,20131,101.5,19264,97.1,19815,99.9,20021,101.0,19248,97.1,19968,100.7,15529,78.3,10817,54.5,19543,98.5,20307,102.4,20382,20556,100.9,20310,99.6,20456,100.4,20539,100.8,20246,99.3,257,1.2609164949465215,347,433.0,21173,103.9,20328,99.7,21021,20355,96.8,20395,97.0,20313,96.6,14283,7363,11419,14948,75.4,CARIBE,484185.26091649494,2019
8001,BARRANQUILLA,20373,20833,102.3,20890,102.5,20831,102.2,19675,96.6,20814,102.2,20116,98.7,19725,96.8,20666,101.4,20048,98.4,18475,90.7,12925,63.4,21607,106.1,20382,100.0,21846,21326,97.6,21175,96.9,21380,97.9,20765,95.1,21174,96.9,426,1.9500137324910738,223,621.0,20887,95.6,20977,96.0,23033,21130,91.7,21086,91.5,21282,92.4,14662,12375,14985,16481,80.9,CARIBE,510841.9500137325,2019
11,BOGOTA D.C.,98914,99950,101.0,100156,101.3,87446,88.4,88353,89.3,87488,88.4,88027,89.0,88353,89.3,85773,86.7,84685,85.6,81259,82.2,57566,58.2,90283,91.3,89444,90.4,99134,91767,92.6,93122,93.9,93252,94.1,80888,81.6,87708,88.5,4621,4.661367442048137,3118,11206.0,82008,82.7,82072,82.8,104159,97486,93.6,98099,94.2,98596,94.7,110889,95472,70933,78533,79.4,ANDINA,2318818.661367442,2019
13,BOLIVAR,20480,9307,45.4,9082,44.3,18127,88.5,17497,85.4,18196,88.8,17945,87.6,17450,85.2,17458,85.2,17303,84.5,16222,79.2,12375,60.4,18209,88.9,18038,88.1,21034,18676,88.8,18476,87.8,18801,89.4,17627,83.8,18703,88.9,193,0.9175620424075307,257,328.0,18284,86.9,18296,87.0,21859,17539,80.2,17456,79.9,17299,79.1,8959,6648,13634,14096,68.8,CARIBE,418057.9175620424,2019
13001,CARTAGENA,18494,18639,100.8,18690,101.1,17942,97.0,16568,89.6,17943,97.0,17260,93.3,16575,89.6,17452,94.4,16940,91.6,15264,82.5,11265,60.9,18124,98.0,17444,94.3,18631,17082,91.7,16863,90.5,17159,92.1,15710,84.3,16842,90.4,114,0.6118834201062745,229,362.0,15456,83.0,15451,82.9,18877,15939,84.4,15859,84.0,16045,85.0,6133,5318,14300,14430,78.0,CARIBE,408606.6118834201,2019
15,BOYACA,13869,13225,95.4,13130,94.7,13721,98.9,13592,98.0,13723,98.9,13635,98.3,13588,98.0,13572,97.9,13492,97.3,11237,81.0,9998,72.1,13752,99.2,13641,98.4,15381,14331,93.2,14330,93.2,14353,93.3,14397,93.6,14264,92.7,63,0.40959625511995323,73,93.0,14583,94.8,14589,94.9,17450,16229,93.0,16234,93.0,16239,93.1,7798,10745,10427,11924,86.0,ANDINA,348961.4095962551,2019
17,CALDAS,9282,8355,90.0,8341,89.9,8470,91.3,8929,96.2,8464,91.2,8496,91.5,8933,96.2,8505,91.6,8605,92.7,8154,87.8,6974,75.1,8599,92.6,8649,93.2,9958,9611,96.5,9631,96.7,9637,96.8,9339,93.8,9397,94.4,197,1.9783088973689495,90,131.0,9393,94.3,9454,94.9,10848,10029,92.5,10102,93.1,10061,92.7,3951,7627,7151,7629,82.2,ANDINA,225145.97830889738,2019
18,CAQUETA,7487,7160,95.6,7006,93.6,7173,95.8,6798,90.8,7172,95.8,7003,93.5,6801,90.8,6814,91.0,6735,90.0,6216,83.0,4625,61.8,7187,96.0,7009,93.6,7495,7033,93.8,7042,94.0,7049,94.0,7293,97.3,6919,92.3,65,0.867244829886591,108,73.0,6416,85.6,6418,85.6,8021,6834,85.2,6835,85.2,6896,86.0,4060,3662,5212,5931,79.2,AMAZONIA,169541.8672448299,2019
85,CASANARE,6513,6365,97.7,6293,96.6,6298,96.7,6287,96.5,6298,96.7,6311,96.9,6288,96.5,6277,96.4,6389,98.1,5603,86.0,4681,71.9,6364,97.7,6375,97.9,6661,6460,97.0,6440,96.7,6477,97.2,6625,99.5,6455,96.9,13,0.19516589100735626,14,26.0,6461,97.0,6463,97.0,7297,7027,96.3,6980,95.7,7017,96.2,1119,1364,4833,5219,80.1,LLANOS,153577.19516589103,2019
19,CAUCA,21088,15193,72.0,14869,70.5,18493,87.7,19069,90.4,18480,87.6,18534,87.9,19046,90.3,18103,85.8,18311,86.8,17887,84.8,14151,67.1,18571,88.1,18645,88.4,22008,19923,90.5,18926,86.0,19551,88.8,18985,86.3,19801,90.0,74,0.3362413667757179,106,133.0,19042,86.5,18961,86.2,22702,20256,89.2,20182,88.9,20275,89.3,4398,10070,15052,16038,76.1,PACIFICO,454954.33624136675,2019
20,CESAR,22036,21041,95.5,20387,92.5,23669,107.4,22343,101.4,23664,107.4,23274,105.6,22352,101.4,22786,103.4,22531,102.2,19771,89.7,15155,68.8,23803,108.0,23297,105.7,22925,22649,98.8,22425,97.8,22669,98.9,21348,93.1,22311,97.3,242,1.0556161395856052,396,397.0,20832,90.9,20848,90.9,24608,21523,87.5,21488,87.3,21628,87.9,4157,8027,17623,19301,87.6,CARIBE,532240.0556161397,2019
27,CHOCO,10459,8314,79.5,6315,60.4,9854,94.2,8663,82.8,9851,94.2,9321,89.1,8666,82.9,7965,76.2,8008,76.6,8992,86.0,5455,52.2,9867,94.3,9311,89.0,11791,10158,86.2,10124,85.9,10154,86.1,10426,88.4,9746,82.7,183,1.5520312102451022,588,87.0,7136,60.5,7137,60.5,12901,8208,63.6,8207,63.6,8280,64.2,8196,3926,6098,6101,58.3,PACIFICO,219150.55203121025,2019
23,CORDOBA,30290,24127,79.7,23947,79.1,25996,85.8,26349,87.0,26006,85.9,25861,85.4,26363,87.0,25486,84.1,25460,84.1,24490,80.9,18760,61.9,26085,86.1,25973,85.7,30629,27134,88.6,26562,86.7,27083,88.4,26749,87.3,27091,88.4,94,0.30689869078324467,151,248.0,26710,87.2,26715,87.2,31706,27099,85.5,27041,85.3,27114,85.5,12498,9685,21026,21312,70.4,CARIBE,637655.3068986908,2019
25,CUNDINAMARCA,33896,19095,56.3,19019,56.1,31080,91.7,32898,97.1,31119,91.8,31818,93.9,32913,97.1,30722,90.6,31432,92.7,27353,80.7,21915,64.7,31372,92.6,31894,94.1,35671,34486,96.7,34351,96.3,34576,96.9,32166,90.2,33934,95.1,528,1.480193995122088,370,1289.0,32612,91.4,32705,91.7,37992,36125,95.1,35918,94.5,36238,95.4,15877,20286,22994,24742,73.0,ANDINA,775797.4801939952,2019
94,GUAINIA,802,991,123.6,806,100.5,1029,128.3,874,109.0,1029,128.3,944,117.7,876,109.2,841,104.9,802,100.0,508,63.3,306,38.2,1042,129.9,937,116.8,970,954,98.4,957,98.7,971,100.1,955,98.5,862,88.9,42,4.329896907216495,83,78.0,689,71.0,693,71.4,902,812,90.0,816,90.5,830,92.0,757,837,436,564,70.3,AMAZONIA,21683.329896907217,2019
95,GUAVIARE,1316,1311,99.6,1286,97.7,1381,104.9,1354,102.9,1381,104.9,1395,106.0,1354,102.9,1320,100.3,1347,102.4,1198,91.0,910,69.1,1382,105.0,1401,106.5,1328,1346,101.4,1312,98.8,1344,101.2,1372,103.3,1342,101.1,3,0.2259036144578313,9,3.0,1239,93.3,1239,93.3,1604,1254,78.2,1255,78.2,1252,78.1,336,466,858,1076,81.8,AMAZONIA,31647.225903614457,2019
41,HUILA,19108,17681,92.5,17645,92.3,17348,90.8,17640,92.3,17352,90.8,17400,91.1,17637,92.3,17266,90.4,17281,90.4,15492,81.1,12358,64.7,17453,91.3,17466,91.4,19740,18370,93.1,18326,92.8,18415,93.3,17873,90.5,18288,92.6,70,0.3546099290780142,76,128.0,18084,91.6,18084,91.6,20558,19364,94.2,19369,94.2,19415,94.4,5037,9194,14178,15668,82.0,ANDINA,434162.3546099291,2019
44,LA GUAJIRA,20021,22126,110.5,20383,101.8,22517,112.5,19161,95.7,22582,112.8,20889,104.3,19166,95.7,19470,97.2,18796,93.9,18603,92.9,12162,60.7,22632,113.0,20633,103.1,21194,20990,99.0,20844,98.3,21049,99.3,15299,72.2,19778,93.3,720,3.397187883363216,873,2293.0,15454,72.9,15298,72.2,22189,18534,83.5,18237,82.2,18464,83.2,8710,5466,11445,14541,72.6,CARIBE,470284.3971878834,2019
47,MAGDALENA,16542,12483,75.5,12109,73.2,16254,98.3,15460,93.5,16411,99.2,16147,97.6,15691,94.9,15741,95.2,15548,94.0,13352,80.7,10276,62.1,16321,98.7,16043,97.0,17244,16138,93.6,16025,92.9,16130,93.5,16442,95.3,15985,92.7,181,1.049640454650893,213,408.0,15067,87.4,15169,88.0,18145,15642,86.2,15629,86.1,15439,85.1,6244,5111,12288,12527,75.7,CARIBE,373540.04964045464,2019
47001,SANTA MARTA,8754,9280,106.0,9195,105.0,9421,107.6,8358,95.5,9376,107.1,8924,101.9,8310,94.9,8829,100.9,8475,96.8,7086,80.9,4883,55.8,9526,108.8,8941,102.1,8761,8275,94.5,8527,97.3,8590,98.0,7389,84.3,8360,95.4,168,1.917589316288095,144,376.0,7260,82.9,7377,84.2,9365,7853,83.9,7685,82.1,7515,80.2,2433,3700,5718,6830,78.0,CARIBE,201599.9175893163,2019
50,META,15295,15102,98.7,15188,99.3,14394,94.1,14082,92.1,14435,94.4,14303,93.5,14077,92.0,14078,92.0,13945,91.2,12083,79.0,7713,50.4,14628,95.6,14355,93.9,15688,15009,95.7,14839,94.6,14869,94.8,15142,96.5,14722,93.8,149,0.9497705252422233,150,128.0,13815,88.1,13875,88.4,16814,14841,88.3,14914,88.7,14845,88.3,10972,7758,10789,12065,78.9,LLANOS,355072.9497705252,2019
52,NARIﾃ前,20024,17141,85.6,16789,83.8,17444,87.1,17243,86.1,17447,87.1,17388,86.8,17226,86.0,16936,84.6,17033,85.1,15156,75.7,12429,62.1,17497,87.4,17421,87.0,20729,18356,88.6,18355,88.5,18411,88.8,17366,83.8,18249,88.0,89,0.4293501857301365,182,204.0,17391,83.9,17389,83.9,22304,19070,85.5,19069,85.5,19160,85.9,5017,9264,13686,14895,74.4,PACIFICO,428204.42935018573,2019
54,NORTE DE SANTANDER,22545,19759,87.6,19567,86.8,23151,102.7,22442,99.5,23170,102.8,22572,100.1,22524,99.9,22251,98.7,21845,96.9,21325,94.6,14707,65.2,23788,105.5,22701,100.7,22922,22433,97.9,19185,83.7,22461,98.0,24433,106.6,21293,92.9,582,2.539045458511474,553,553.0,18581,81.1,18574,81.0,23003,20368,88.5,20290,88.2,20319,88.3,14297,13753,15959,17151,76.1,ANDINA,532885.5390454584,2019
86,PUTUMAYO,4724,4108,87.0,4017,85.0,4633,98.1,4629,98.0,4631,98.0,4683,99.1,4632,98.1,4505,95.4,4577,96.9,2754,58.3,2299,48.7,4664,98.7,4682,99.1,4982,4785,96.0,4763,95.6,4820,96.7,4932,99.0,4715,94.6,39,0.7828181453231634,51,70.0,4578,91.9,4579,91.9,5461,4927,90.2,4985,91.3,5000,91.6,547,1468,2955,3769,79.8,AMAZONIA,107958.78281814532,2019
63,QUINDIO,5600,5454,97.4,5441,97.2,5186,92.6,5177,92.4,5174,92.4,5220,93.2,5171,92.3,5209,93.0,5283,94.3,3904,69.7,3514,62.8,5326,95.1,5282,94.3,5784,5523,95.5,5491,94.9,5519,95.4,5492,95.0,5463,94.5,17,0.2939142461964039,19,39.0,5478,94.7,5483,94.8,6398,5740,89.7,5698,89.1,5695,89.0,3984,6535,3992,4881,87.2,ANDINA,135470.2939142462,2019
66,RISARALDA,10258,10691,104.2,10571,103.1,10046,97.9,10122,98.7,10061,98.1,10058,98.1,10130,98.8,9823,95.8,9814,95.7,7915,77.2,6161,60.1,10151,99.0,10089,98.4,10714,10612,99.0,10914,101.9,10946,102.2,10145,94.7,10407,97.1,237,2.2120589882396864,179,326.0,10540,98.4,10614,99.1,12356,10950,88.6,10946,88.6,11065,89.6,5073,10274,6518,9006,87.8,ANDINA,255054.21205898823,2019
88,SAN_ANDRES_ISLA,853,733,85.9,731,85.7,761,89.2,768,90.0,762,89.3,768,90.0,762,89.3,750,87.9,759,89.0,528,61.9,437,51.2,765,89.7,769,90.2,871,788,90.5,781,89.7,788,90.5,697,80.0,785,90.1,1,0.1148105625717566,2,2.0,717,82.3,720,82.7,922,786,85.2,785,85.1,785,85.1,1454,1430,540,697,81.7,CARIBE,20352.114810562573,2019
68,SANTANDER,30892,25909,83.9,25995,84.1,27092,87.7,26666,86.3,27064,87.6,26643,86.2,26698,86.4,26553,86.0,26380,85.4,25628,83.0,20431,66.1,27201,88.1,26730,86.5,31319,27967,89.3,28119,89.8,28193,90.0,27003,86.2,27823,88.8,259,0.8269740413167725,212,330.0,27024,86.3,26946,86.0,32843,27991,85.2,27703,84.3,27894,84.9,9736,10466,20387,22440,72.6,ANDINA,656713.8269740413,2019
70,SUCRE,14028,14046,100.1,14062,100.2,14500,103.4,14332,102.2,14498,103.4,14522,103.5,14327,102.1,14195,101.2,14256,101.6,10605,75.6,9839,70.1,14524,103.5,14544,103.7,14828,14824,100.0,14654,98.8,14845,100.1,14882,100.4,14818,99.9,25,0.16859994604801729,55,74.0,14789,99.7,14794,99.8,16825,14897,88.5,14912,88.6,14911,88.6,8428,5882,11633,12626,90.0,CARIBE,352599.1685999461,2019
73,TOLIMA,17210,14521,84.4,14348,83.4,16107,93.6,16283,94.6,16126,93.7,16073,93.4,16267,94.5,15964,92.8,16041,93.2,15204,88.3,11217,65.2,16177,94.0,16184,94.0,17543,17072,97.3,17010,97.0,17116,97.6,16729,95.4,17054,97.2,70,0.39901955195804595,59,141.0,16737,95.4,16880,96.2,19419,17476,90.0,17459,89.9,17524,90.2,14069,9932,11274,13157,76.4,ANDINA,406973.3990195519,2019
76,VALLE_DEL_CAUCA,51369,44911,87.4,44905,87.4,51437,100.1,51145,99.6,51244,99.8,51168,99.6,51262,99.8,50771,98.8,50820,98.9,44276,86.2,36326,70.7,51228,99.7,51039,99.4,52931,52454,99.1,52255,98.7,52209,98.6,50974,96.3,51927,98.1,359,0.6782414841964066,194,1057.0,51210,96.7,51031,96.4,55169,53306,96.6,53660,97.3,52659,95.5,58213,47544,36045,38612,75.2,PACIFICO,1294572.6782414843,2019
76109,BUENAVENTURA,4932,4192,85.0,4161,84.4,4337,87.9,3815,77.4,4342,88.0,4114,83.4,3820,77.5,3906,79.2,3781,76.7,3394,68.8,2400,48.7,4314,87.5,4044,82.0,4932,4202,85.2,4013,81.4,4223,85.6,3097,62.8,4035,81.8,127,2.5750202757502025,178,222.0,3208,65.0,3192,64.7,5799,3863,66.6,3811,65.7,3789,65.3,6831,4144,3285,3428,69.5,PACIFICO,102620.57502027575,2019
97,VAUPES,789,760,96.3,599,75.9,695,88.1,587,74.4,683,86.6,662,83.9,605,76.7,644,81.6,597,75.7,550,69.7,373,47.3,664,84.2,641,81.2,817,735,90.0,741,90.7,743,90.9,745,91.2,740,90.6,56,6.854345165238677,18,36.0,526,64.4,523,64.0,785,603,76.8,604,76.9,595,75.8,1756,684,415,670,84.9,AMAZONIA,17550.854345165237,2019
99,VICHADA,1773,1527,86.1,958,54.0,1986,112.0,1208,68.1,1958,110.4,1664,93.9,1223,69.0,1354,76.4,1248,70.4,1097,61.9,682,38.5,2025,114.2,1718,96.9,1827,1701,93.1,1593,87.2,1541,84.3,1741,95.3,1360,74.4,148,8.10071154898741,248,172.0,1096,60.0,1087,59.5,1876,1283,68.4,1286,68.6,1310,69.8,568,319,682,974,54.9,LLANOS,34619.10071154899,2019
