departamentos,key_fecha,programatica1_ano,id_detail,pct_cobertura
AMAZONAS,1,1845,1,0.81
AMAZONAS,1,1845,2,0.74
AMAZONAS,1,1845,3,0.85
AMAZONAS,1,1845,4,0.78
AMAZONAS,1,1845,5,0.84
AMAZONAS,1,1845,6,0.82
AMAZONAS,1,1845,7,0.78
AMAZONAS,1,1845,8,0.77
AMAZONAS,1,1845,9,0.78
AMAZONAS,1,1845,10,0.77
AMAZONAS,1,1845,11,0.58
AMAZONAS,1,1845,12,0.84
AMAZONAS,1,1845,13,0.81
AMAZONAS,1,1845,14,0.85
AMAZONAS,1,1845,15,0.85
AMAZONAS,1,1845,16,1.01
AMAZONAS,1,1845,17,0.84
AMAZONAS,1,1845,18,0.82
AMAZONAS,1,1845,19,0.82
AMAZONAS,1,1845,20,0.8
AMAZONAS,1,1845,21,0.8
AMAZONAS,1,1845,22,0.8
AMAZONAS,1,1845,23,0.58
ANTIOQUIA,1,79793,24,0.94
ANTIOQUIA,1,79793,25,0.93
ANTIOQUIA,1,79793,26,0.95
ANTIOQUIA,1,79793,27,0.93
ANTIOQUIA,1,79793,28,0.95
ANTIOQUIA,1,79793,29,0.94
ANTIOQUIA,1,79793,30,0.93
ANTIOQUIA,1,79793,31,0.93
ANTIOQUIA,1,79793,32,0.93
ANTIOQUIA,1,79793,33,0.71
ANTIOQUIA,1,79793,34,0.53
ANTIOQUIA,1,79793,35,0.92
ANTIOQUIA,1,79793,36,0.86
ANTIOQUIA,1,79793,37,0.95
ANTIOQUIA,1,79793,38,0.95
ANTIOQUIA,1,79793,39,0.77
ANTIOQUIA,1,79793,40,0.87
ANTIOQUIA,1,79793,41,0.88
ANTIOQUIA,1,79793,42,0.88
ANTIOQUIA,1,79793,43,0.93
ANTIOQUIA,1,79793,44,0.92
ANTIOQUIA,1,79793,45,0.93
ANTIOQUIA,1,79793,46,0.82
ARAUCA,1,4430,47,1.0
ARAUCA,1,4430,48,0.98
ARAUCA,1,4430,49,1.05
ARAUCA,1,4430,50,1.02
ARAUCA,1,4430,51,1.05
ARAUCA,1,4430,52,1.04
ARAUCA,1,4430,53,1.02
ARAUCA,1,4430,54,1.01
ARAUCA,1,4430,55,1.01
ARAUCA,1,4430,56,0.66
ARAUCA,1,4430,57,0.52
ARAUCA,1,4430,58,1.06
ARAUCA,1,4430,59,1.02
ARAUCA,1,4430,60,1.02
ARAUCA,1,4430,61,1.01
ARAUCA,1,4430,62,1.17
ARAUCA,1,4430,63,1.0
ARAUCA,1,4430,64,0.9
ARAUCA,1,4430,65,0.9
ARAUCA,1,4430,66,1.02
ARAUCA,1,4430,67,1.02
ARAUCA,1,4430,68,1.02
ARAUCA,1,4430,69,0.82
ATLANTICO,1,21016,70,0.98
ATLANTICO,1,21016,71,0.9
ATLANTICO,1,21016,72,0.93
ATLANTICO,1,21016,73,0.98
ATLANTICO,1,21016,74,0.93
ATLANTICO,1,21016,75,0.95
ATLANTICO,1,21016,76,0.98
ATLANTICO,1,21016,77,0.92
ATLANTICO,1,21016,78,0.94
ATLANTICO,1,21016,79,0.63
ATLANTICO,1,21016,80,0.35
ATLANTICO,1,21016,81,0.87
ATLANTICO,1,21016,82,0.86
ATLANTICO,1,21016,83,1.02
ATLANTICO,1,21016,84,0.99
ATLANTICO,1,21016,85,0.91
ATLANTICO,1,21016,86,0.89
ATLANTICO,1,21016,87,0.96
ATLANTICO,1,21016,88,0.98
ATLANTICO,1,21016,89,0.96
ATLANTICO,1,21016,90,1.0
ATLANTICO,1,21016,91,0.99
ATLANTICO,1,21016,92,0.62
BARRANQUILLA,1,21875,93,1.02
BARRANQUILLA,1,21875,94,1.0
BARRANQUILLA,1,21875,95,1.0
BARRANQUILLA,1,21875,96,0.97
BARRANQUILLA,1,21875,97,1.0
BARRANQUILLA,1,21875,98,0.98
BARRANQUILLA,1,21875,99,0.97
BARRANQUILLA,1,21875,100,0.99
BARRANQUILLA,1,21875,101,0.96
BARRANQUILLA,1,21875,102,0.85
BARRANQUILLA,1,21875,103,0.59
BARRANQUILLA,1,21875,104,1.0
BARRANQUILLA,1,21875,105,0.96
BARRANQUILLA,1,21875,106,0.99
BARRANQUILLA,1,21875,107,0.95
BARRANQUILLA,1,21875,108,0.73
BARRANQUILLA,1,21875,109,0.97
BARRANQUILLA,1,21875,110,0.93
BARRANQUILLA,1,21875,111,0.93
BARRANQUILLA,1,21875,112,0.87
BARRANQUILLA,1,21875,113,0.88
BARRANQUILLA,1,21875,114,0.88
BARRANQUILLA,1,21875,115,0.8
BOGOTA D.C.,1,105341,116,1.07
BOGOTA D.C.,1,105341,117,1.06
BOGOTA D.C.,1,105341,118,0.95
BOGOTA D.C.,1,105341,119,0.95
BOGOTA D.C.,1,105341,120,0.95
BOGOTA D.C.,1,105341,121,0.96
BOGOTA D.C.,1,105341,122,0.95
BOGOTA D.C.,1,105341,123,0.94
BOGOTA D.C.,1,105341,124,0.95
BOGOTA D.C.,1,105341,125,0.81
BOGOTA D.C.,1,105341,126,0.57
BOGOTA D.C.,1,105341,127,0.95
BOGOTA D.C.,1,105341,128,0.95
BOGOTA D.C.,1,105341,129,0.95
BOGOTA D.C.,1,105341,130,0.94
BOGOTA D.C.,1,105341,131,0.78
BOGOTA D.C.,1,105341,132,0.94
BOGOTA D.C.,1,105341,133,0.86
BOGOTA D.C.,1,105341,134,0.87
BOGOTA D.C.,1,105341,135,0.88
BOGOTA D.C.,1,105341,136,0.86
BOGOTA D.C.,1,105341,137,0.87
BOGOTA D.C.,1,105341,138,0.87
BOLIVAR,1,22993,139,0.5
BOLIVAR,1,22993,140,0.47
BOLIVAR,1,22993,141,0.76
BOLIVAR,1,22993,142,0.78
BOLIVAR,1,22993,143,0.77
BOLIVAR,1,22993,144,0.78
BOLIVAR,1,22993,145,0.79
BOLIVAR,1,22993,146,0.74
BOLIVAR,1,22993,147,0.75
BOLIVAR,1,22993,148,0.68
BOLIVAR,1,22993,149,0.45
BOLIVAR,1,22993,150,0.74
BOLIVAR,1,22993,151,0.75
BOLIVAR,1,22993,152,0.82
BOLIVAR,1,22993,153,0.78
BOLIVAR,1,22993,154,0.61
BOLIVAR,1,22993,155,0.79
BOLIVAR,1,22993,156,0.82
BOLIVAR,1,22993,157,0.83
BOLIVAR,1,22993,158,0.84
BOLIVAR,1,22993,159,0.84
BOLIVAR,1,22993,160,0.83
BOLIVAR,1,22993,161,0.6
CARTAGENA,1,19587,162,0.98
CARTAGENA,1,19587,163,0.97
CARTAGENA,1,19587,164,0.93
CARTAGENA,1,19587,165,0.88
CARTAGENA,1,19587,166,0.93
CARTAGENA,1,19587,167,0.91
CARTAGENA,1,19587,168,0.88
CARTAGENA,1,19587,169,0.9
CARTAGENA,1,19587,170,0.9
CARTAGENA,1,19587,171,0.73
CARTAGENA,1,19587,172,0.58
CARTAGENA,1,19587,173,0.89
CARTAGENA,1,19587,174,0.85
CARTAGENA,1,19587,175,0.92
CARTAGENA,1,19587,176,0.9
CARTAGENA,1,19587,177,0.69
CARTAGENA,1,19587,178,0.83
CARTAGENA,1,19587,179,0.8
CARTAGENA,1,19587,180,0.8
CARTAGENA,1,19587,181,0.78
CARTAGENA,1,19587,182,0.78
CARTAGENA,1,19587,183,0.79
CARTAGENA,1,19587,184,0.77
BOYACA,1,16748,185,0.93
BOYACA,1,16748,186,0.92
BOYACA,1,16748,187,0.94
BOYACA,1,16748,188,0.92
BOYACA,1,16748,189,0.94
BOYACA,1,16748,190,0.92
BOYACA,1,16748,191,0.92
BOYACA,1,16748,192,0.93
BOYACA,1,16748,193,0.91
BOYACA,1,16748,194,0.84
BOYACA,1,16748,195,0.71
BOYACA,1,16748,196,0.94
BOYACA,1,16748,197,0.92
BOYACA,1,16748,198,0.94
BOYACA,1,16748,199,0.93
BOYACA,1,16748,200,0.84
BOYACA,1,16748,201,0.93
BOYACA,1,16748,202,0.91
BOYACA,1,16748,203,0.91
BOYACA,1,16748,204,1.01
BOYACA,1,16748,205,1.01
BOYACA,1,16748,206,1.01
BOYACA,1,16748,207,0.81
CALDAS,1,10498,208,0.94
CALDAS,1,10498,209,0.93
CALDAS,1,10498,210,0.93
CALDAS,1,10498,211,0.93
CALDAS,1,10498,212,0.93
CALDAS,1,10498,213,0.92
CALDAS,1,10498,214,0.93
CALDAS,1,10498,215,0.91
CALDAS,1,10498,216,0.91
CALDAS,1,10498,217,0.81
CALDAS,1,10498,218,0.63
CALDAS,1,10498,219,0.92
CALDAS,1,10498,220,0.92
CALDAS,1,10498,221,0.94
CALDAS,1,10498,222,0.94
CALDAS,1,10498,223,0.78
CALDAS,1,10498,224,0.93
CALDAS,1,10498,225,0.95
CALDAS,1,10498,226,0.93
CALDAS,1,10498,227,0.99
CALDAS,1,10498,228,0.98
CALDAS,1,10498,229,0.98
CALDAS,1,10498,230,0.82
CAQUETA,1,9227,231,0.79
CAQUETA,1,9227,232,0.76
CAQUETA,1,9227,233,0.78
CAQUETA,1,9227,234,0.72
CAQUETA,1,9227,235,0.78
CAQUETA,1,9227,236,0.76
CAQUETA,1,9227,237,0.72
CAQUETA,1,9227,238,0.72
CAQUETA,1,9227,239,0.72
CAQUETA,1,9227,240,0.69
CAQUETA,1,9227,241,0.51
CAQUETA,1,9227,242,0.78
CAQUETA,1,9227,243,0.76
CAQUETA,1,9227,244,0.79
CAQUETA,1,9227,245,0.78
CAQUETA,1,9227,246,0.82
CAQUETA,1,9227,247,0.77
CAQUETA,1,9227,248,0.68
CAQUETA,1,9227,249,0.68
CAQUETA,1,9227,250,0.76
CAQUETA,1,9227,251,0.76
CAQUETA,1,9227,252,0.76
CAQUETA,1,9227,253,0.64
CASANARE,1,7749,254,0.83
CASANARE,1,7749,255,0.81
CASANARE,1,7749,256,0.88
CASANARE,1,7749,257,0.89
CASANARE,1,7749,258,0.88
CASANARE,1,7749,259,0.89
CASANARE,1,7749,260,0.89
CASANARE,1,7749,261,0.87
CASANARE,1,7749,262,0.88
CASANARE,1,7749,263,0.8
CASANARE,1,7749,264,0.58
CASANARE,1,7749,265,0.88
CASANARE,1,7749,266,0.89
CASANARE,1,7749,267,0.92
CASANARE,1,7749,268,0.92
CASANARE,1,7749,269,0.93
CASANARE,1,7749,270,0.92
CASANARE,1,7749,271,0.92
CASANARE,1,7749,272,0.92
CASANARE,1,7749,273,0.92
CASANARE,1,7749,274,0.92
CASANARE,1,7749,275,0.92
CASANARE,1,7749,276,0.69
CAUCA,1,23092,277,0.74
CAUCA,1,23092,278,0.72
CAUCA,1,23092,279,0.9
CAUCA,1,23092,280,0.89
CAUCA,1,23092,281,0.9
CAUCA,1,23092,282,0.9
CAUCA,1,23092,283,0.89
CAUCA,1,23092,284,0.87
CAUCA,1,23092,285,0.87
CAUCA,1,23092,286,0.81
CAUCA,1,23092,287,0.58
CAUCA,1,23092,288,0.89
CAUCA,1,23092,289,0.87
CAUCA,1,23092,290,0.91
CAUCA,1,23092,291,0.9
CAUCA,1,23092,292,0.77
CAUCA,1,23092,293,0.88
CAUCA,1,23092,294,0.83
CAUCA,1,23092,295,0.83
CAUCA,1,23092,296,0.91
CAUCA,1,23092,297,0.9
CAUCA,1,23092,298,0.9
CAUCA,1,23092,299,0.66
CESAR,1,24015,300,0.86
CESAR,1,24015,301,0.83
CESAR,1,24015,302,0.93
CESAR,1,24015,303,0.89
CESAR,1,24015,304,0.93
CESAR,1,24015,305,0.92
CESAR,1,24015,306,0.89
CESAR,1,24015,307,0.9
CESAR,1,24015,308,0.89
CESAR,1,24015,309,0.8
CESAR,1,24015,310,0.59
CESAR,1,24015,311,0.93
CESAR,1,24015,312,0.91
CESAR,1,24015,313,0.92
CESAR,1,24015,314,0.89
CESAR,1,24015,315,0.73
CESAR,1,24015,316,0.91
CESAR,1,24015,317,0.89
CESAR,1,24015,318,0.89
CESAR,1,24015,319,0.92
CESAR,1,24015,320,0.92
CESAR,1,24015,321,0.92
CESAR,1,24015,322,0.78
CHOCO,1,11728,323,0.78
CHOCO,1,11728,324,0.58
CHOCO,1,11728,325,0.88
CHOCO,1,11728,326,0.77
CHOCO,1,11728,327,0.88
CHOCO,1,11728,328,0.83
CHOCO,1,11728,329,0.77
CHOCO,1,11728,330,0.69
CHOCO,1,11728,331,0.69
CHOCO,1,11728,332,0.73
CHOCO,1,11728,333,0.45
CHOCO,1,11728,334,0.87
CHOCO,1,11728,335,0.82
CHOCO,1,11728,336,0.94
CHOCO,1,11728,337,0.91
CHOCO,1,11728,338,0.87
CHOCO,1,11728,339,0.88
CHOCO,1,11728,340,0.62
CHOCO,1,11728,341,0.62
CHOCO,1,11728,342,0.77
CHOCO,1,11728,343,0.77
CHOCO,1,11728,344,0.77
CHOCO,1,11728,345,0.54
CORDOBA,1,32371,346,0.74
CORDOBA,1,32371,347,0.73
CORDOBA,1,32371,348,0.88
CORDOBA,1,32371,349,0.91
CORDOBA,1,32371,350,0.88
CORDOBA,1,32371,351,0.88
CORDOBA,1,32371,352,0.91
CORDOBA,1,32371,353,0.86
CORDOBA,1,32371,354,0.87
CORDOBA,1,32371,355,0.77
CORDOBA,1,32371,356,0.51
CORDOBA,1,32371,357,0.86
CORDOBA,1,32371,358,0.86
CORDOBA,1,32371,359,0.89
CORDOBA,1,32371,360,0.87
CORDOBA,1,32371,361,0.72
CORDOBA,1,32371,362,0.85
CORDOBA,1,32371,363,0.84
CORDOBA,1,32371,364,0.83
CORDOBA,1,32371,365,0.9
CORDOBA,1,32371,366,0.9
CORDOBA,1,32371,367,0.9
CORDOBA,1,32371,368,0.69
CUNDINAMARCA,1,39124,369,0.47
CUNDINAMARCA,1,39124,370,0.47
CUNDINAMARCA,1,39124,371,0.81
CUNDINAMARCA,1,39124,372,0.82
CUNDINAMARCA,1,39124,373,0.81
CUNDINAMARCA,1,39124,374,0.82
CUNDINAMARCA,1,39124,375,0.82
CUNDINAMARCA,1,39124,376,0.8
CUNDINAMARCA,1,39124,377,0.82
CUNDINAMARCA,1,39124,378,0.68
CUNDINAMARCA,1,39124,379,0.47
CUNDINAMARCA,1,39124,380,0.8
CUNDINAMARCA,1,39124,381,0.82
CUNDINAMARCA,1,39124,382,0.84
CUNDINAMARCA,1,39124,383,0.83
CUNDINAMARCA,1,39124,384,0.7
CUNDINAMARCA,1,39124,385,0.83
CUNDINAMARCA,1,39124,386,0.82
CUNDINAMARCA,1,39124,387,0.82
CUNDINAMARCA,1,39124,388,0.84
CUNDINAMARCA,1,39124,389,0.84
CUNDINAMARCA,1,39124,390,0.83
CUNDINAMARCA,1,39124,391,0.62
GUAINIA,1,853,392,1.13
GUAINIA,1,853,393,0.91
GUAINIA,1,853,394,1.1
GUAINIA,1,853,395,0.84
GUAINIA,1,853,396,1.1
GUAINIA,1,853,397,0.97
GUAINIA,1,853,398,0.83
GUAINIA,1,853,399,0.88
GUAINIA,1,853,400,0.76
GUAINIA,1,853,401,0.48
GUAINIA,1,853,402,0.34
GUAINIA,1,853,403,1.11
GUAINIA,1,853,404,0.95
GUAINIA,1,853,405,1.02
GUAINIA,1,853,406,0.98
GUAINIA,1,853,407,1.09
GUAINIA,1,853,408,0.96
GUAINIA,1,853,409,0.62
GUAINIA,1,853,410,0.62
GUAINIA,1,853,411,0.96
GUAINIA,1,853,412,0.96
GUAINIA,1,853,413,0.98
GUAINIA,1,853,414,0.59
GUAVIARE,1,1516,415,0.8
GUAVIARE,1,1516,416,0.78
GUAVIARE,1,1516,417,0.81
GUAVIARE,1,1516,418,0.8
GUAVIARE,1,1516,419,0.81
GUAVIARE,1,1516,420,0.83
GUAVIARE,1,1516,421,0.8
GUAVIARE,1,1516,422,0.78
GUAVIARE,1,1516,423,0.81
GUAVIARE,1,1516,424,0.46
GUAVIARE,1,1516,425,0.34
GUAVIARE,1,1516,426,0.82
GUAVIARE,1,1516,427,0.84
GUAVIARE,1,1516,428,0.87
GUAVIARE,1,1516,429,0.86
GUAVIARE,1,1516,430,1.11
GUAVIARE,1,1516,431,0.87
GUAVIARE,1,1516,432,0.81
GUAVIARE,1,1516,433,0.81
GUAVIARE,1,1516,434,0.98
GUAVIARE,1,1516,435,0.98
GUAVIARE,1,1516,436,0.98
GUAVIARE,1,1516,437,0.66
HUILA,1,21071,438,0.95
HUILA,1,21071,439,0.94
HUILA,1,21071,440,0.92
HUILA,1,21071,441,0.9
HUILA,1,21071,442,0.92
HUILA,1,21071,443,0.91
HUILA,1,21071,444,0.9
HUILA,1,21071,445,0.91
HUILA,1,21071,446,0.9
HUILA,1,21071,447,0.76
HUILA,1,21071,448,0.57
HUILA,1,21071,449,0.92
HUILA,1,21071,450,0.91
HUILA,1,21071,451,0.91
HUILA,1,21071,452,0.89
HUILA,1,21071,453,0.78
HUILA,1,21071,454,0.91
HUILA,1,21071,455,0.87
HUILA,1,21071,456,0.87
HUILA,1,21071,457,0.9
HUILA,1,21071,458,0.9
HUILA,1,21071,459,0.9
HUILA,1,21071,460,0.8
LA GUAJIRA,1,21108,461,0.87
LA GUAJIRA,1,21108,462,0.78
LA GUAJIRA,1,21108,463,0.91
LA GUAJIRA,1,21108,464,0.8
LA GUAJIRA,1,21108,465,0.92
LA GUAJIRA,1,21108,466,0.83
LA GUAJIRA,1,21108,467,0.8
LA GUAJIRA,1,21108,468,0.79
LA GUAJIRA,1,21108,469,0.75
LA GUAJIRA,1,21108,470,0.71
LA GUAJIRA,1,21108,471,0.44
LA GUAJIRA,1,21108,472,0.87
LA GUAJIRA,1,21108,473,0.78
LA GUAJIRA,1,21108,474,0.89
LA GUAJIRA,1,21108,475,0.88
LA GUAJIRA,1,21108,476,0.56
LA GUAJIRA,1,21108,477,0.82
LA GUAJIRA,1,21108,478,0.66
LA GUAJIRA,1,21108,479,0.66
LA GUAJIRA,1,21108,480,0.78
LA GUAJIRA,1,21108,481,0.78
LA GUAJIRA,1,21108,482,0.78
LA GUAJIRA,1,21108,483,0.61
MAGDALENA,1,18085,484,0.74
MAGDALENA,1,18085,485,0.72
MAGDALENA,1,18085,486,0.9
MAGDALENA,1,18085,487,0.9
MAGDALENA,1,18085,488,0.9
MAGDALENA,1,18085,489,0.91
MAGDALENA,1,18085,490,0.9
MAGDALENA,1,18085,491,0.88
MAGDALENA,1,18085,492,0.89
MAGDALENA,1,18085,493,0.67
MAGDALENA,1,18085,494,0.47
MAGDALENA,1,18085,495,0.9
MAGDALENA,1,18085,496,0.91
MAGDALENA,1,18085,497,0.95
MAGDALENA,1,18085,498,0.93
MAGDALENA,1,18085,499,0.81
MAGDALENA,1,18085,500,0.94
MAGDALENA,1,18085,501,0.93
MAGDALENA,1,18085,502,0.93
MAGDALENA,1,18085,503,0.96
MAGDALENA,1,18085,504,0.96
MAGDALENA,1,18085,505,0.97
MAGDALENA,1,18085,506,0.68
SANTA MARTA,1,9036,507,1.03
SANTA MARTA,1,9036,508,1.02
SANTA MARTA,1,9036,509,0.96
SANTA MARTA,1,9036,510,0.87
SANTA MARTA,1,9036,511,0.96
SANTA MARTA,1,9036,512,0.93
SANTA MARTA,1,9036,513,0.87
SANTA MARTA,1,9036,514,0.91
SANTA MARTA,1,9036,515,0.89
SANTA MARTA,1,9036,516,0.82
SANTA MARTA,1,9036,517,0.55
SANTA MARTA,1,9036,518,0.95
SANTA MARTA,1,9036,519,0.91
SANTA MARTA,1,9036,520,0.93
SANTA MARTA,1,9036,521,0.89
SANTA MARTA,1,9036,522,0.62
SANTA MARTA,1,9036,523,0.89
SANTA MARTA,1,9036,524,0.83
SANTA MARTA,1,9036,525,0.84
SANTA MARTA,1,9036,526,0.81
SANTA MARTA,1,9036,527,0.81
SANTA MARTA,1,9036,528,0.81
SANTA MARTA,1,9036,529,0.73
META,1,16994,530,0.93
META,1,16994,531,0.9
META,1,16994,532,0.91
META,1,16994,533,0.88
META,1,16994,534,0.91
META,1,16994,535,0.9
META,1,16994,536,0.88
META,1,16994,537,0.87
META,1,16994,538,0.87
META,1,16994,539,0.63
META,1,16994,540,0.48
META,1,16994,541,0.87
META,1,16994,542,0.84
META,1,16994,543,0.93
META,1,16994,544,0.9
META,1,16994,545,1.12
META,1,16994,546,0.81
META,1,16994,547,0.85
META,1,16994,548,0.85
META,1,16994,549,0.84
META,1,16994,550,0.84
META,1,16994,551,0.83
META,1,16994,552,0.69
NARIÑO,1,21816,553,0.88
NARIÑO,1,21816,554,0.86
NARIÑO,1,21816,555,0.89
NARIÑO,1,21816,556,0.88
NARIÑO,1,21816,557,0.89
NARIÑO,1,21816,558,0.88
NARIÑO,1,21816,559,0.88
NARIÑO,1,21816,560,0.87
NARIÑO,1,21816,561,0.87
NARIÑO,1,21816,562,0.53
NARIÑO,1,21816,563,0.44
NARIÑO,1,21816,564,0.88
NARIÑO,1,21816,565,0.87
NARIÑO,1,21816,566,0.92
NARIÑO,1,21816,567,0.91
NARIÑO,1,21816,568,0.76
NARIÑO,1,21816,569,0.9
NARIÑO,1,21816,570,0.85
NARIÑO,1,21816,571,0.85
NARIÑO,1,21816,572,0.94
NARIÑO,1,21816,573,0.94
NARIÑO,1,21816,574,0.94
NARIÑO,1,21816,575,0.73
NORTE DE SANTANDER,1,23929,576,0.88
NORTE DE SANTANDER,1,23929,577,0.87
NORTE DE SANTANDER,1,23929,578,0.91
NORTE DE SANTANDER,1,23929,579,0.94
NORTE DE SANTANDER,1,23929,580,0.91
NORTE DE SANTANDER,1,23929,581,0.91
NORTE DE SANTANDER,1,23929,582,0.94
NORTE DE SANTANDER,1,23929,583,0.89
NORTE DE SANTANDER,1,23929,584,0.89
NORTE DE SANTANDER,1,23929,585,0.81
NORTE DE SANTANDER,1,23929,586,0.54
NORTE DE SANTANDER,1,23929,587,0.93
NORTE DE SANTANDER,1,23929,588,0.88
NORTE DE SANTANDER,1,23929,589,0.95
NORTE DE SANTANDER,1,23929,590,0.95
NORTE DE SANTANDER,1,23929,591,0.7
NORTE DE SANTANDER,1,23929,592,0.91
NORTE DE SANTANDER,1,23929,593,0.81
NORTE DE SANTANDER,1,23929,594,0.82
NORTE DE SANTANDER,1,23929,595,0.89
NORTE DE SANTANDER,1,23929,596,0.89
NORTE DE SANTANDER,1,23929,597,0.89
NORTE DE SANTANDER,1,23929,598,0.73
PUTUMAYO,1,5544,599,0.75
PUTUMAYO,1,5544,600,0.72
PUTUMAYO,1,5544,601,0.83
PUTUMAYO,1,5544,602,0.85
PUTUMAYO,1,5544,603,0.83
PUTUMAYO,1,5544,604,0.84
PUTUMAYO,1,5544,605,0.85
PUTUMAYO,1,5544,606,0.8
PUTUMAYO,1,5544,607,0.82
PUTUMAYO,1,5544,608,0.6
PUTUMAYO,1,5544,609,0.49
PUTUMAYO,1,5544,610,0.83
PUTUMAYO,1,5544,611,0.84
PUTUMAYO,1,5544,612,0.89
PUTUMAYO,1,5544,613,0.87
PUTUMAYO,1,5544,614,0.77
PUTUMAYO,1,5544,615,0.87
PUTUMAYO,1,5544,616,0.82
PUTUMAYO,1,5544,617,0.83
PUTUMAYO,1,5544,618,0.89
PUTUMAYO,1,5544,619,0.89
PUTUMAYO,1,5544,620,0.89
PUTUMAYO,1,5544,621,0.65
QUINDIO,1,5981,622,1.02
QUINDIO,1,5981,623,1.01
QUINDIO,1,5981,624,0.97
QUINDIO,1,5981,625,0.96
QUINDIO,1,5981,626,0.97
QUINDIO,1,5981,627,0.97
QUINDIO,1,5981,628,0.96
QUINDIO,1,5981,629,0.96
QUINDIO,1,5981,630,0.96
QUINDIO,1,5981,631,0.84
QUINDIO,1,5981,632,0.63
QUINDIO,1,5981,633,0.98
QUINDIO,1,5981,634,0.97
QUINDIO,1,5981,635,0.99
QUINDIO,1,5981,636,0.99
QUINDIO,1,5981,637,0.89
QUINDIO,1,5981,638,1.0
QUINDIO,1,5981,639,0.98
QUINDIO,1,5981,640,0.98
QUINDIO,1,5981,641,1.0
QUINDIO,1,5981,642,1.0
QUINDIO,1,5981,643,0.98
QUINDIO,1,5981,644,0.85
RISARALDA,1,11369,645,1.0
RISARALDA,1,11369,646,0.99
RISARALDA,1,11369,647,0.94
RISARALDA,1,11369,648,0.94
RISARALDA,1,11369,649,0.95
RISARALDA,1,11369,650,0.94
RISARALDA,1,11369,651,0.94
RISARALDA,1,11369,652,0.94
RISARALDA,1,11369,653,0.93
RISARALDA,1,11369,654,0.73
RISARALDA,1,11369,655,0.59
RISARALDA,1,11369,656,0.94
RISARALDA,1,11369,657,0.92
RISARALDA,1,11369,658,0.96
RISARALDA,1,11369,659,0.95
RISARALDA,1,11369,660,0.7
RISARALDA,1,11369,661,0.94
RISARALDA,1,11369,662,0.94
RISARALDA,1,11369,663,0.93
RISARALDA,1,11369,664,0.99
RISARALDA,1,11369,665,0.99
RISARALDA,1,11369,666,0.97
RISARALDA,1,11369,667,0.83
SAN ANDRES ISLA,1,909,668,0.92
SAN ANDRES ISLA,1,909,669,0.91
SAN ANDRES ISLA,1,909,670,0.95
SAN ANDRES ISLA,1,909,671,0.88
SAN ANDRES ISLA,1,909,672,0.95
SAN ANDRES ISLA,1,909,673,0.94
SAN ANDRES ISLA,1,909,674,0.88
SAN ANDRES ISLA,1,909,675,0.94
SAN ANDRES ISLA,1,909,676,0.93
SAN ANDRES ISLA,1,909,677,0.55
SAN ANDRES ISLA,1,909,678,0.38
SAN ANDRES ISLA,1,909,679,0.95
SAN ANDRES ISLA,1,909,680,0.94
SAN ANDRES ISLA,1,909,681,0.92
SAN ANDRES ISLA,1,909,682,0.9
SAN ANDRES ISLA,1,909,683,0.81
SAN ANDRES ISLA,1,909,684,0.91
SAN ANDRES ISLA,1,909,685,0.95
SAN ANDRES ISLA,1,909,686,0.94
SAN ANDRES ISLA,1,909,687,0.85
SAN ANDRES ISLA,1,909,688,0.85
SAN ANDRES ISLA,1,909,689,0.85
SAN ANDRES ISLA,1,909,690,0.8
SANTANDER,1,33241,691,0.81
SANTANDER,1,33241,692,0.79
SANTANDER,1,33241,693,0.91
SANTANDER,1,33241,694,0.91
SANTANDER,1,33241,695,0.92
SANTANDER,1,33241,696,0.91
SANTANDER,1,33241,697,0.9
SANTANDER,1,33241,698,0.9
SANTANDER,1,33241,699,0.91
SANTANDER,1,33241,700,0.8
SANTANDER,1,33241,701,0.62
SANTANDER,1,33241,702,0.91
SANTANDER,1,33241,703,0.91
SANTANDER,1,33241,704,0.93
SANTANDER,1,33241,705,0.91
SANTANDER,1,33241,706,0.73
SANTANDER,1,33241,707,0.89
SANTANDER,1,33241,708,0.85
SANTANDER,1,33241,709,0.85
SANTANDER,1,33241,710,0.85
SANTANDER,1,33241,711,0.85
SANTANDER,1,33241,712,0.82
SANTANDER,1,33241,713,0.76
SUCRE,1,16424,714,0.84
SUCRE,1,16424,715,0.83
SUCRE,1,16424,716,0.88
SUCRE,1,16424,717,0.86
SUCRE,1,16424,718,0.88
SUCRE,1,16424,719,0.87
SUCRE,1,16424,720,0.86
SUCRE,1,16424,721,0.86
SUCRE,1,16424,722,0.85
SUCRE,1,16424,723,0.57
SUCRE,1,16424,724,0.49
SUCRE,1,16424,725,0.87
SUCRE,1,16424,726,0.87
SUCRE,1,16424,727,0.88
SUCRE,1,16424,728,0.87
SUCRE,1,16424,729,0.76
SUCRE,1,16424,730,0.87
SUCRE,1,16424,731,0.89
SUCRE,1,16424,732,0.89
SUCRE,1,16424,733,0.95
SUCRE,1,16424,734,0.95
SUCRE,1,16424,735,0.95
SUCRE,1,16424,736,0.75
TOLIMA,1,19693,737,0.82
TOLIMA,1,19693,738,0.8
TOLIMA,1,19693,739,0.88
TOLIMA,1,19693,740,0.87
TOLIMA,1,19693,741,0.88
TOLIMA,1,19693,742,0.87
TOLIMA,1,19693,743,0.87
TOLIMA,1,19693,744,0.87
TOLIMA,1,19693,745,0.86
TOLIMA,1,19693,746,0.77
TOLIMA,1,19693,747,0.51
TOLIMA,1,19693,748,0.87
TOLIMA,1,19693,749,0.86
TOLIMA,1,19693,750,0.87
TOLIMA,1,19693,751,0.86
TOLIMA,1,19693,752,0.66
TOLIMA,1,19693,753,0.85
TOLIMA,1,19693,754,0.83
TOLIMA,1,19693,755,0.82
TOLIMA,1,19693,756,0.88
TOLIMA,1,19693,757,0.86
TOLIMA,1,19693,758,0.87
TOLIMA,1,19693,759,0.68
VALLE DEL CAUCA,1,57615,760,0.88
VALLE DEL CAUCA,1,57615,761,0.86
VALLE DEL CAUCA,1,57615,762,0.98
VALLE DEL CAUCA,1,57615,763,0.97
VALLE DEL CAUCA,1,57615,764,0.97
VALLE DEL CAUCA,1,57615,765,0.97
VALLE DEL CAUCA,1,57615,766,0.97
VALLE DEL CAUCA,1,57615,767,0.96
VALLE DEL CAUCA,1,57615,768,0.97
VALLE DEL CAUCA,1,57615,769,0.73
VALLE DEL CAUCA,1,57615,770,0.46
VALLE DEL CAUCA,1,57615,771,0.96
VALLE DEL CAUCA,1,57615,772,0.97
VALLE DEL CAUCA,1,57615,773,0.96
VALLE DEL CAUCA,1,57615,774,0.96
VALLE DEL CAUCA,1,57615,775,0.89
VALLE DEL CAUCA,1,57615,776,0.96
VALLE DEL CAUCA,1,57615,777,0.94
VALLE DEL CAUCA,1,57615,778,0.94
VALLE DEL CAUCA,1,57615,779,0.98
VALLE DEL CAUCA,1,57615,780,0.97
VALLE DEL CAUCA,1,57615,781,0.97
VALLE DEL CAUCA,1,57615,782,0.68
BUENAVENTURA,1,6213,783,0.76
BUENAVENTURA,1,6213,784,0.72
BUENAVENTURA,1,6213,785,0.77
BUENAVENTURA,1,6213,786,0.67
BUENAVENTURA,1,6213,787,0.77
BUENAVENTURA,1,6213,788,0.73
BUENAVENTURA,1,6213,789,0.67
BUENAVENTURA,1,6213,790,0.68
BUENAVENTURA,1,6213,791,0.66
BUENAVENTURA,1,6213,792,0.64
BUENAVENTURA,1,6213,793,0.43
BUENAVENTURA,1,6213,794,0.77
BUENAVENTURA,1,6213,795,0.72
BUENAVENTURA,1,6213,796,0.78
BUENAVENTURA,1,6213,797,0.76
BUENAVENTURA,1,6213,798,0.47
BUENAVENTURA,1,6213,799,0.74
BUENAVENTURA,1,6213,800,0.6
BUENAVENTURA,1,6213,801,0.61
BUENAVENTURA,1,6213,802,0.79
BUENAVENTURA,1,6213,803,0.79
BUENAVENTURA,1,6213,804,0.78
BUENAVENTURA,1,6213,805,0.61
VAUPES,1,878,806,0.85
VAUPES,1,878,807,0.55
VAUPES,1,878,808,0.85
VAUPES,1,878,809,0.67
VAUPES,1,878,810,0.85
VAUPES,1,878,811,0.79
VAUPES,1,878,812,0.68
VAUPES,1,878,813,0.59
VAUPES,1,878,814,0.62
VAUPES,1,878,815,0.39
VAUPES,1,878,816,0.21
VAUPES,1,878,817,0.88
VAUPES,1,878,818,0.8
VAUPES,1,878,819,0.93
VAUPES,1,878,820,0.88
VAUPES,1,878,821,0.97
VAUPES,1,878,822,0.88
VAUPES,1,878,823,0.61
VAUPES,1,878,824,0.61
VAUPES,1,878,825,0.87
VAUPES,1,878,826,0.86
VAUPES,1,878,827,0.85
VAUPES,1,878,828,0.49
VICHADA,1,1875,829,0.69
VICHADA,1,1875,830,0.45
VICHADA,1,1875,831,1.01
VICHADA,1,1875,832,0.62
VICHADA,1,1875,833,1.01
VICHADA,1,1875,834,0.82
VICHADA,1,1875,835,0.62
VICHADA,1,1875,836,0.67
VICHADA,1,1875,837,0.61
VICHADA,1,1875,838,0.6
VICHADA,1,1875,839,0.29
VICHADA,1,1875,840,0.98
VICHADA,1,1875,841,0.76
VICHADA,1,1875,842,1.02
VICHADA,1,1875,843,0.94
VICHADA,1,1875,844,0.62
VICHADA,1,1875,845,0.79
VICHADA,1,1875,846,0.58
VICHADA,1,1875,847,0.58
VICHADA,1,1875,848,0.68
VICHADA,1,1875,849,0.68
VICHADA,1,1875,850,0.69
VICHADA,1,1875,851,0.58
AMAZONAS,2,1786,852,0.88
AMAZONAS,2,1786,853,0.79
AMAZONAS,2,1786,854,0.87
AMAZONAS,2,1786,855,0.83
AMAZONAS,2,1786,856,0.87
AMAZONAS,2,1786,857,0.88
AMAZONAS,2,1786,858,0.83
AMAZONAS,2,1786,859,0.82
AMAZONAS,2,1786,860,0.82
AMAZONAS,2,1786,861,0.74
AMAZONAS,2,1786,862,0.52
AMAZONAS,2,1786,863,0.88
AMAZONAS,2,1786,864,0.88
AMAZONAS,2,1786,865,0.86
AMAZONAS,2,1786,866,0.84
AMAZONAS,2,1786,867,0.96
AMAZONAS,2,1786,868,0.84
AMAZONAS,2,1786,869,0.8
AMAZONAS,2,1786,870,0.8
AMAZONAS,2,1786,871,0.88
AMAZONAS,2,1786,872,0.88
AMAZONAS,2,1786,873,0.86
AMAZONAS,2,1786,874,0.57
ANTIOQUIA,2,79524,875,0.97
ANTIOQUIA,2,79524,876,0.95
ANTIOQUIA,2,79524,877,0.95
ANTIOQUIA,2,79524,878,0.91
ANTIOQUIA,2,79524,879,0.95
ANTIOQUIA,2,79524,880,0.94
ANTIOQUIA,2,79524,881,0.91
ANTIOQUIA,2,79524,882,0.9
ANTIOQUIA,2,79524,883,0.87
ANTIOQUIA,2,79524,884,0.74
ANTIOQUIA,2,79524,885,0.54
ANTIOQUIA,2,79524,886,0.97
ANTIOQUIA,2,79524,887,0.99
ANTIOQUIA,2,79524,888,0.94
ANTIOQUIA,2,79524,889,0.93
ANTIOQUIA,2,79524,890,0.87
ANTIOQUIA,2,79524,891,0.96
ANTIOQUIA,2,79524,892,0.88
ANTIOQUIA,2,79524,893,0.88
ANTIOQUIA,2,79524,894,0.94
ANTIOQUIA,2,79524,895,0.94
ANTIOQUIA,2,79524,896,0.93
ANTIOQUIA,2,79524,897,0.85
ARAUCA,2,4542,898,1.05
ARAUCA,2,4542,899,1.02
ARAUCA,2,4542,900,1.07
ARAUCA,2,4542,901,1.04
ARAUCA,2,4542,902,1.09
ARAUCA,2,4542,903,1.09
ARAUCA,2,4542,904,1.05
ARAUCA,2,4542,905,1.03
ARAUCA,2,4542,906,1.03
ARAUCA,2,4542,907,0.6
ARAUCA,2,4542,908,0.51
ARAUCA,2,4542,909,1.17
ARAUCA,2,4542,910,1.12
ARAUCA,2,4542,911,1.11
ARAUCA,2,4542,912,1.12
ARAUCA,2,4542,913,1.31
ARAUCA,2,4542,914,1.08
ARAUCA,2,4542,915,0.96
ARAUCA,2,4542,916,0.96
ARAUCA,2,4542,917,1.03
ARAUCA,2,4542,918,1.03
ARAUCA,2,4542,919,1.03
ARAUCA,2,4542,920,0.92
ATLANTICO,2,20841,921,0.98
ATLANTICO,2,20841,922,0.91
ATLANTICO,2,20841,923,1.01
ATLANTICO,2,20841,924,1.04
ATLANTICO,2,20841,925,0.97
ATLANTICO,2,20841,926,0.98
ATLANTICO,2,20841,927,1.0
ATLANTICO,2,20841,928,0.81
ATLANTICO,2,20841,929,0.91
ATLANTICO,2,20841,930,0.7
ATLANTICO,2,20841,931,0.44
ATLANTICO,2,20841,932,0.92
ATLANTICO,2,20841,933,1.01
ATLANTICO,2,20841,934,1.02
ATLANTICO,2,20841,935,0.99
ATLANTICO,2,20841,936,1.02
ATLANTICO,2,20841,937,0.97
ATLANTICO,2,20841,938,0.94
ATLANTICO,2,20841,939,0.93
ATLANTICO,2,20841,940,1.02
ATLANTICO,2,20841,941,1.03
ATLANTICO,2,20841,942,1.0
ATLANTICO,2,20841,943,0.73
BARRANQUILLA,2,21907,944,1.0
BARRANQUILLA,2,21907,945,0.93
BARRANQUILLA,2,21907,946,0.99
BARRANQUILLA,2,21907,947,0.97
BARRANQUILLA,2,21907,948,0.99
BARRANQUILLA,2,21907,949,0.97
BARRANQUILLA,2,21907,950,0.97
BARRANQUILLA,2,21907,951,0.98
BARRANQUILLA,2,21907,952,0.96
BARRANQUILLA,2,21907,953,0.85
BARRANQUILLA,2,21907,954,0.56
BARRANQUILLA,2,21907,955,1.02
BARRANQUILLA,2,21907,956,0.99
BARRANQUILLA,2,21907,957,0.97
BARRANQUILLA,2,21907,958,0.97
BARRANQUILLA,2,21907,959,0.95
BARRANQUILLA,2,21907,960,0.97
BARRANQUILLA,2,21907,961,0.97
BARRANQUILLA,2,21907,962,0.97
BARRANQUILLA,2,21907,963,0.95
BARRANQUILLA,2,21907,964,0.95
BARRANQUILLA,2,21907,965,0.95
BARRANQUILLA,2,21907,966,0.82
BOGOTA D.C.,2,105191,967,1.04
BOGOTA D.C.,2,105191,968,1.03
BOGOTA D.C.,2,105191,969,0.88
BOGOTA D.C.,2,105191,970,0.88
BOGOTA D.C.,2,105191,971,0.88
BOGOTA D.C.,2,105191,972,0.89
BOGOTA D.C.,2,105191,973,0.88
BOGOTA D.C.,2,105191,974,0.87
BOGOTA D.C.,2,105191,975,0.87
BOGOTA D.C.,2,105191,976,0.76
BOGOTA D.C.,2,105191,977,0.52
BOGOTA D.C.,2,105191,978,0.89
BOGOTA D.C.,2,105191,979,0.91
BOGOTA D.C.,2,105191,980,0.92
BOGOTA D.C.,2,105191,981,0.92
BOGOTA D.C.,2,105191,982,0.82
BOGOTA D.C.,2,105191,983,0.92
BOGOTA D.C.,2,105191,984,0.84
BOGOTA D.C.,2,105191,985,0.84
BOGOTA D.C.,2,105191,986,0.87
BOGOTA D.C.,2,105191,987,0.87
BOGOTA D.C.,2,105191,988,0.87
BOGOTA D.C.,2,105191,989,0.82
BOLIVAR,2,22079,990,0.47
BOLIVAR,2,22079,991,0.43
BOLIVAR,2,22079,992,0.86
BOLIVAR,2,22079,993,0.82
BOLIVAR,2,22079,994,0.86
BOLIVAR,2,22079,995,0.84
BOLIVAR,2,22079,996,0.82
BOLIVAR,2,22079,997,0.83
BOLIVAR,2,22079,998,0.81
BOLIVAR,2,22079,999,0.68
BOLIVAR,2,22079,1000,0.47
BOLIVAR,2,22079,1001,0.84
BOLIVAR,2,22079,1002,0.82
BOLIVAR,2,22079,1003,0.83
BOLIVAR,2,22079,1004,0.8
BOLIVAR,2,22079,1005,0.77
BOLIVAR,2,22079,1006,0.81
BOLIVAR,2,22079,1007,0.81
BOLIVAR,2,22079,1008,0.81
BOLIVAR,2,22079,1009,0.91
BOLIVAR,2,22079,1010,0.9
BOLIVAR,2,22079,1011,0.89
BOLIVAR,2,22079,1012,0.73
CARTAGENA,2,19050,1013,1.05
CARTAGENA,2,19050,1014,1.04
CARTAGENA,2,19050,1015,0.97
CARTAGENA,2,19050,1016,0.88
CARTAGENA,2,19050,1017,0.97
CARTAGENA,2,19050,1018,0.94
CARTAGENA,2,19050,1019,0.88
CARTAGENA,2,19050,1020,0.94
CARTAGENA,2,19050,1021,0.91
CARTAGENA,2,19050,1022,0.75
CARTAGENA,2,19050,1023,0.53
CARTAGENA,2,19050,1024,0.94
CARTAGENA,2,19050,1025,0.88
CARTAGENA,2,19050,1026,0.93
CARTAGENA,2,19050,1027,0.89
CARTAGENA,2,19050,1028,0.82
CARTAGENA,2,19050,1029,0.85
CARTAGENA,2,19050,1030,0.83
CARTAGENA,2,19050,1031,0.83
CARTAGENA,2,19050,1032,0.86
CARTAGENA,2,19050,1033,0.86
CARTAGENA,2,19050,1034,0.87
CARTAGENA,2,19050,1035,0.84
BOYACA,2,16381,1036,0.92
BOYACA,2,16381,1037,0.92
BOYACA,2,16381,1038,0.93
BOYACA,2,16381,1039,0.93
BOYACA,2,16381,1040,0.93
BOYACA,2,16381,1041,0.93
BOYACA,2,16381,1042,0.93
BOYACA,2,16381,1043,0.92
BOYACA,2,16381,1044,0.92
BOYACA,2,16381,1045,0.81
BOYACA,2,16381,1046,0.64
BOYACA,2,16381,1047,0.93
BOYACA,2,16381,1048,0.93
BOYACA,2,16381,1049,0.96
BOYACA,2,16381,1050,0.96
BOYACA,2,16381,1051,0.92
BOYACA,2,16381,1052,0.95
BOYACA,2,16381,1053,0.92
BOYACA,2,16381,1054,0.92
BOYACA,2,16381,1055,1.04
BOYACA,2,16381,1056,1.04
BOYACA,2,16381,1057,1.04
BOYACA,2,16381,1058,0.83
CALDAS,2,10180,1059,0.92
CALDAS,2,10180,1060,0.93
CALDAS,2,10180,1061,0.95
CALDAS,2,10180,1062,0.96
CALDAS,2,10180,1063,0.95
CALDAS,2,10180,1064,0.97
CALDAS,2,10180,1065,0.96
CALDAS,2,10180,1066,0.92
CALDAS,2,10180,1067,0.93
CALDAS,2,10180,1068,0.84
CALDAS,2,10180,1069,0.64
CALDAS,2,10180,1070,0.92
CALDAS,2,10180,1071,0.93
CALDAS,2,10180,1072,0.95
CALDAS,2,10180,1073,0.95
CALDAS,2,10180,1074,0.92
CALDAS,2,10180,1075,0.92
CALDAS,2,10180,1076,0.93
CALDAS,2,10180,1077,0.95
CALDAS,2,10180,1078,0.97
CALDAS,2,10180,1079,0.98
CALDAS,2,10180,1080,0.94
CALDAS,2,10180,1081,0.83
CAQUETA,2,8617,1082,0.88
CAQUETA,2,8617,1083,0.86
CAQUETA,2,8617,1084,0.84
CAQUETA,2,8617,1085,0.78
CAQUETA,2,8617,1086,0.84
CAQUETA,2,8617,1087,0.82
CAQUETA,2,8617,1088,0.78
CAQUETA,2,8617,1089,0.79
CAQUETA,2,8617,1090,0.78
CAQUETA,2,8617,1091,0.76
CAQUETA,2,8617,1092,0.56
CAQUETA,2,8617,1093,0.84
CAQUETA,2,8617,1094,0.82
CAQUETA,2,8617,1095,0.81
CAQUETA,2,8617,1096,0.81
CAQUETA,2,8617,1097,1.0
CAQUETA,2,8617,1098,0.79
CAQUETA,2,8617,1099,0.72
CAQUETA,2,8617,1100,0.72
CAQUETA,2,8617,1101,0.85
CAQUETA,2,8617,1102,0.85
CAQUETA,2,8617,1103,0.86
CAQUETA,2,8617,1104,0.71
CASANARE,2,7543,1105,0.87
CASANARE,2,7543,1106,0.77
CASANARE,2,7543,1107,0.88
CASANARE,2,7543,1108,0.87
CASANARE,2,7543,1109,0.88
CASANARE,2,7543,1110,0.87
CASANARE,2,7543,1111,0.88
CASANARE,2,7543,1112,0.87
CASANARE,2,7543,1113,0.86
CASANARE,2,7543,1114,0.79
CASANARE,2,7543,1115,0.58
CASANARE,2,7543,1116,0.88
CASANARE,2,7543,1117,0.86
CASANARE,2,7543,1118,0.89
CASANARE,2,7543,1119,0.88
CASANARE,2,7543,1120,1.23
CASANARE,2,7543,1121,0.88
CASANARE,2,7543,1122,0.91
CASANARE,2,7543,1123,0.91
CASANARE,2,7543,1124,0.96
CASANARE,2,7543,1125,0.96
CASANARE,2,7543,1126,0.96
CASANARE,2,7543,1127,0.76
CAUCA,2,22336,1128,0.81
CAUCA,2,22336,1129,0.79
CAUCA,2,22336,1130,0.94
CAUCA,2,22336,1131,0.93
CAUCA,2,22336,1132,0.94
CAUCA,2,22336,1133,0.93
CAUCA,2,22336,1134,0.93
CAUCA,2,22336,1135,0.91
CAUCA,2,22336,1136,0.9
CAUCA,2,22336,1137,0.85
CAUCA,2,22336,1138,0.58
CAUCA,2,22336,1139,0.91
CAUCA,2,22336,1140,0.91
CAUCA,2,22336,1141,0.95
CAUCA,2,22336,1142,0.94
CAUCA,2,22336,1143,0.87
CAUCA,2,22336,1144,0.91
CAUCA,2,22336,1145,0.88
CAUCA,2,22336,1146,0.87
CAUCA,2,22336,1147,0.95
CAUCA,2,22336,1148,0.95
CAUCA,2,22336,1149,0.95
CAUCA,2,22336,1150,0.73
CESAR,2,23487,1151,0.91
CESAR,2,23487,1152,0.88
CESAR,2,23487,1153,0.97
CESAR,2,23487,1154,0.91
CESAR,2,23487,1155,0.97
CESAR,2,23487,1156,0.94
CESAR,2,23487,1157,0.91
CESAR,2,23487,1158,0.93
CESAR,2,23487,1159,0.9
CESAR,2,23487,1160,0.78
CESAR,2,23487,1161,0.58
CESAR,2,23487,1162,0.94
CESAR,2,23487,1163,0.9
CESAR,2,23487,1164,0.96
CESAR,2,23487,1165,0.93
CESAR,2,23487,1166,0.9
CESAR,2,23487,1167,0.9
CESAR,2,23487,1168,0.88
CESAR,2,23487,1169,0.88
CESAR,2,23487,1170,0.96
CESAR,2,23487,1171,0.96
CESAR,2,23487,1172,0.93
CESAR,2,23487,1173,0.86
CHOCO,2,11596,1174,0.8
CHOCO,2,11596,1175,0.61
CHOCO,2,11596,1176,0.89
CHOCO,2,11596,1177,0.73
CHOCO,2,11596,1178,0.89
CHOCO,2,11596,1179,0.8
CHOCO,2,11596,1180,0.73
CHOCO,2,11596,1181,0.73
CHOCO,2,11596,1182,0.69
CHOCO,2,11596,1183,0.65
CHOCO,2,11596,1184,0.38
CHOCO,2,11596,1185,0.9
CHOCO,2,11596,1186,0.81
CHOCO,2,11596,1187,0.83
CHOCO,2,11596,1188,0.8
CHOCO,2,11596,1189,1.02
CHOCO,2,11596,1190,0.81
CHOCO,2,11596,1191,0.6
CHOCO,2,11596,1192,0.6
CHOCO,2,11596,1193,0.76
CHOCO,2,11596,1194,0.76
CHOCO,2,11596,1195,0.76
CHOCO,2,11596,1196,0.59
CORDOBA,2,31986,1197,0.83
CORDOBA,2,31986,1198,0.82
CORDOBA,2,31986,1199,0.9
CORDOBA,2,31986,1200,0.9
CORDOBA,2,31986,1201,0.9
CORDOBA,2,31986,1202,0.89
CORDOBA,2,31986,1203,0.9
CORDOBA,2,31986,1204,0.88
CORDOBA,2,31986,1205,0.87
CORDOBA,2,31986,1206,0.71
CORDOBA,2,31986,1207,0.49
CORDOBA,2,31986,1208,0.89
CORDOBA,2,31986,1209,0.89
CORDOBA,2,31986,1210,0.88
CORDOBA,2,31986,1211,0.84
CORDOBA,2,31986,1212,0.83
CORDOBA,2,31986,1213,0.87
CORDOBA,2,31986,1214,0.84
CORDOBA,2,31986,1215,0.84
CORDOBA,2,31986,1216,0.91
CORDOBA,2,31986,1217,0.91
CORDOBA,2,31986,1218,0.91
CORDOBA,2,31986,1219,0.74
CUNDINAMARCA,2,36312,1220,0.52
CUNDINAMARCA,2,36312,1221,0.51
CUNDINAMARCA,2,36312,1222,0.87
CUNDINAMARCA,2,36312,1223,0.93
CUNDINAMARCA,2,36312,1224,0.87
CUNDINAMARCA,2,36312,1225,0.9
CUNDINAMARCA,2,36312,1226,0.93
CUNDINAMARCA,2,36312,1227,0.86
CUNDINAMARCA,2,36312,1228,0.89
CUNDINAMARCA,2,36312,1229,0.71
CUNDINAMARCA,2,36312,1230,0.49
CUNDINAMARCA,2,36312,1231,0.87
CUNDINAMARCA,2,36312,1232,0.89
CUNDINAMARCA,2,36312,1233,0.95
CUNDINAMARCA,2,36312,1234,0.92
CUNDINAMARCA,2,36312,1235,0.9
CUNDINAMARCA,2,36312,1236,0.94
CUNDINAMARCA,2,36312,1237,0.91
CUNDINAMARCA,2,36312,1238,0.91
CUNDINAMARCA,2,36312,1239,0.98
CUNDINAMARCA,2,36312,1240,0.98
CUNDINAMARCA,2,36312,1241,0.98
CUNDINAMARCA,2,36312,1242,0.71
GUAINIA,2,880,1243,1.25
GUAINIA,2,880,1244,1.0
GUAINIA,2,880,1245,1.14
GUAINIA,2,880,1246,0.88
GUAINIA,2,880,1247,1.14
GUAINIA,2,880,1248,1.05
GUAINIA,2,880,1249,0.88
GUAINIA,2,880,1250,0.91
GUAINIA,2,880,1251,0.87
GUAINIA,2,880,1252,0.8
GUAINIA,2,880,1253,0.48
GUAINIA,2,880,1254,1.15
GUAINIA,2,880,1255,1.05
GUAINIA,2,880,1256,1.0
GUAINIA,2,880,1257,0.98
GUAINIA,2,880,1258,1.08
GUAINIA,2,880,1259,0.92
GUAINIA,2,880,1260,0.62
GUAINIA,2,880,1261,0.62
GUAINIA,2,880,1262,0.86
GUAINIA,2,880,1263,0.86
GUAINIA,2,880,1264,0.86
GUAINIA,2,880,1265,0.67
GUAVIARE,2,1377,1266,0.96
GUAVIARE,2,1377,1267,0.94
GUAVIARE,2,1377,1268,0.99
GUAVIARE,2,1377,1269,0.93
GUAVIARE,2,1377,1270,0.99
GUAVIARE,2,1377,1271,0.96
GUAVIARE,2,1377,1272,0.93
GUAVIARE,2,1377,1273,0.95
GUAVIARE,2,1377,1274,0.93
GUAVIARE,2,1377,1275,0.72
GUAVIARE,2,1377,1276,0.45
GUAVIARE,2,1377,1277,1.0
GUAVIARE,2,1377,1278,0.93
GUAVIARE,2,1377,1279,0.95
GUAVIARE,2,1377,1280,0.93
GUAVIARE,2,1377,1281,1.0
GUAVIARE,2,1377,1282,0.92
GUAVIARE,2,1377,1283,0.84
GUAVIARE,2,1377,1284,0.84
GUAVIARE,2,1377,1285,0.99
GUAVIARE,2,1377,1286,0.99
GUAVIARE,2,1377,1287,1.0
GUAVIARE,2,1377,1288,0.77
HUILA,2,20627,1289,0.98
HUILA,2,20627,1290,0.98
HUILA,2,20627,1291,0.94
HUILA,2,20627,1292,0.92
HUILA,2,20627,1293,0.94
HUILA,2,20627,1294,0.92
HUILA,2,20627,1295,0.92
HUILA,2,20627,1296,0.93
HUILA,2,20627,1297,0.92
HUILA,2,20627,1298,0.77
HUILA,2,20627,1299,0.6
HUILA,2,20627,1300,0.94
HUILA,2,20627,1301,0.93
HUILA,2,20627,1302,0.93
HUILA,2,20627,1303,0.92
HUILA,2,20627,1304,0.88
HUILA,2,20627,1305,0.93
HUILA,2,20627,1306,0.89
HUILA,2,20627,1307,0.89
HUILA,2,20627,1308,0.96
HUILA,2,20627,1309,0.96
HUILA,2,20627,1310,0.96
HUILA,2,20627,1311,0.84
LA GUAJIRA,2,21390,1312,0.92
LA GUAJIRA,2,21390,1313,0.85
LA GUAJIRA,2,21390,1314,0.94
LA GUAJIRA,2,21390,1315,0.84
LA GUAJIRA,2,21390,1316,0.94
LA GUAJIRA,2,21390,1317,0.87
LA GUAJIRA,2,21390,1318,0.85
LA GUAJIRA,2,21390,1319,0.81
LA GUAJIRA,2,21390,1320,0.78
LA GUAJIRA,2,21390,1321,0.74
LA GUAJIRA,2,21390,1322,0.43
LA GUAJIRA,2,21390,1323,0.91
LA GUAJIRA,2,21390,1324,0.83
LA GUAJIRA,2,21390,1325,0.91
LA GUAJIRA,2,21390,1326,0.9
LA GUAJIRA,2,21390,1327,0.64
LA GUAJIRA,2,21390,1328,0.84
LA GUAJIRA,2,21390,1329,0.63
LA GUAJIRA,2,21390,1330,0.63
LA GUAJIRA,2,21390,1331,0.8
LA GUAJIRA,2,21390,1332,0.81
LA GUAJIRA,2,21390,1333,0.81
LA GUAJIRA,2,21390,1334,0.65
MAGDALENA,2,17924,1335,0.79
MAGDALENA,2,17924,1336,0.77
MAGDALENA,2,17924,1337,0.93
MAGDALENA,2,17924,1338,0.89
MAGDALENA,2,17924,1339,0.93
MAGDALENA,2,17924,1340,0.91
MAGDALENA,2,17924,1341,0.89
MAGDALENA,2,17924,1342,0.91
MAGDALENA,2,17924,1343,0.89
MAGDALENA,2,17924,1344,0.67
MAGDALENA,2,17924,1345,0.47
MAGDALENA,2,17924,1346,0.93
MAGDALENA,2,17924,1347,0.91
MAGDALENA,2,17924,1348,0.92
MAGDALENA,2,17924,1349,0.92
MAGDALENA,2,17924,1350,0.89
MAGDALENA,2,17924,1351,0.91
MAGDALENA,2,17924,1352,0.88
MAGDALENA,2,17924,1353,0.88
MAGDALENA,2,17924,1354,0.94
MAGDALENA,2,17924,1355,0.94
MAGDALENA,2,17924,1356,0.94
MAGDALENA,2,17924,1357,0.73
SANTA MARTA,2,9053,1358,1.01
SANTA MARTA,2,9053,1359,1.0
SANTA MARTA,2,9053,1360,0.93
SANTA MARTA,2,9053,1361,0.85
SANTA MARTA,2,9053,1362,0.93
SANTA MARTA,2,9053,1363,0.9
SANTA MARTA,2,9053,1364,0.84
SANTA MARTA,2,9053,1365,0.87
SANTA MARTA,2,9053,1366,0.84
SANTA MARTA,2,9053,1367,0.69
SANTA MARTA,2,9053,1368,0.46
SANTA MARTA,2,9053,1369,0.93
SANTA MARTA,2,9053,1370,0.88
SANTA MARTA,2,9053,1371,0.9
SANTA MARTA,2,9053,1372,0.83
SANTA MARTA,2,9053,1373,0.76
SANTA MARTA,2,9053,1374,0.88
SANTA MARTA,2,9053,1375,0.79
SANTA MARTA,2,9053,1376,0.8
SANTA MARTA,2,9053,1377,0.81
SANTA MARTA,2,9053,1378,0.82
SANTA MARTA,2,9053,1379,0.79
SANTA MARTA,2,9053,1380,0.72
META,2,16846,1381,0.94
META,2,16846,1382,0.94
META,2,16846,1383,0.9
META,2,16846,1384,0.87
META,2,16846,1385,0.9
META,2,16846,1386,0.89
META,2,16846,1387,0.87
META,2,16846,1388,0.85
META,2,16846,1389,0.85
META,2,16846,1390,0.64
META,2,16846,1391,0.49
META,2,16846,1392,0.86
META,2,16846,1393,0.84
META,2,16846,1394,0.89
META,2,16846,1395,0.89
META,2,16846,1396,0.97
META,2,16846,1397,0.8
META,2,16846,1398,0.85
META,2,16846,1399,0.85
META,2,16846,1400,0.89
META,2,16846,1401,0.9
META,2,16846,1402,0.89
META,2,16846,1403,0.74
NARIÑO,2,21573,1404,0.91
NARIÑO,2,21573,1405,0.89
NARIÑO,2,21573,1406,0.9
NARIÑO,2,21573,1407,0.9
NARIÑO,2,21573,1408,0.9
NARIÑO,2,21573,1409,0.89
NARIÑO,2,21573,1410,0.9
NARIÑO,2,21573,1411,0.88
NARIÑO,2,21573,1412,0.88
NARIÑO,2,21573,1413,0.75
NARIÑO,2,21573,1414,0.57
NARIÑO,2,21573,1415,0.9
NARIÑO,2,21573,1416,0.91
NARIÑO,2,21573,1417,0.91
NARIÑO,2,21573,1418,0.91
NARIÑO,2,21573,1419,0.85
NARIÑO,2,21573,1420,0.91
NARIÑO,2,21573,1421,0.85
NARIÑO,2,21573,1422,0.85
NARIÑO,2,21573,1423,0.91
NARIÑO,2,21573,1424,0.91
NARIÑO,2,21573,1425,0.91
NARIÑO,2,21573,1426,0.77
NORTE DE SANTANDER,2,23996,1427,0.91
NORTE DE SANTANDER,2,23996,1428,0.88
NORTE DE SANTANDER,2,23996,1429,0.99
NORTE DE SANTANDER,2,23996,1430,1.02
NORTE DE SANTANDER,2,23996,1431,1.01
NORTE DE SANTANDER,2,23996,1432,1.04
NORTE DE SANTANDER,2,23996,1433,1.03
NORTE DE SANTANDER,2,23996,1434,0.99
NORTE DE SANTANDER,2,23996,1435,0.98
NORTE DE SANTANDER,2,23996,1436,0.88
NORTE DE SANTANDER,2,23996,1437,0.55
NORTE DE SANTANDER,2,23996,1438,1.17
NORTE DE SANTANDER,2,23996,1439,1.01
NORTE DE SANTANDER,2,23996,1440,1.0
NORTE DE SANTANDER,2,23996,1441,1.04
NORTE DE SANTANDER,2,23996,1442,0.8
NORTE DE SANTANDER,2,23996,1443,0.97
NORTE DE SANTANDER,2,23996,1444,0.83
NORTE DE SANTANDER,2,23996,1445,0.83
NORTE DE SANTANDER,2,23996,1446,0.88
NORTE DE SANTANDER,2,23996,1447,0.88
NORTE DE SANTANDER,2,23996,1448,0.87
NORTE DE SANTANDER,2,23996,1449,0.76
PUTUMAYO,2,5156,1450,0.84
PUTUMAYO,2,5156,1451,0.85
PUTUMAYO,2,5156,1452,0.93
PUTUMAYO,2,5156,1453,0.89
PUTUMAYO,2,5156,1454,0.93
PUTUMAYO,2,5156,1455,0.91
PUTUMAYO,2,5156,1456,0.89
PUTUMAYO,2,5156,1457,0.9
PUTUMAYO,2,5156,1458,0.88
PUTUMAYO,2,5156,1459,0.63
PUTUMAYO,2,5156,1460,0.5
PUTUMAYO,2,5156,1461,0.93
PUTUMAYO,2,5156,1462,0.91
PUTUMAYO,2,5156,1463,0.92
PUTUMAYO,2,5156,1464,0.91
PUTUMAYO,2,5156,1465,1.38
PUTUMAYO,2,5156,1466,0.91
PUTUMAYO,2,5156,1467,0.88
PUTUMAYO,2,5156,1468,0.88
PUTUMAYO,2,5156,1469,1.02
PUTUMAYO,2,5156,1470,1.02
PUTUMAYO,2,5156,1471,1.02
PUTUMAYO,2,5156,1472,0.77
QUINDIO,2,5938,1473,1.03
QUINDIO,2,5938,1474,1.02
QUINDIO,2,5938,1475,0.96
QUINDIO,2,5938,1476,0.94
QUINDIO,2,5938,1477,0.96
QUINDIO,2,5938,1478,0.96
QUINDIO,2,5938,1479,0.94
QUINDIO,2,5938,1480,0.96
QUINDIO,2,5938,1481,0.97
QUINDIO,2,5938,1482,0.77
QUINDIO,2,5938,1483,0.6
QUINDIO,2,5938,1484,0.97
QUINDIO,2,5938,1485,0.97
QUINDIO,2,5938,1486,0.98
QUINDIO,2,5938,1487,0.97
QUINDIO,2,5938,1488,0.94
QUINDIO,2,5938,1489,0.97
QUINDIO,2,5938,1490,0.96
QUINDIO,2,5938,1491,0.96
QUINDIO,2,5938,1492,0.98
QUINDIO,2,5938,1493,0.98
QUINDIO,2,5938,1494,0.98
QUINDIO,2,5938,1495,0.88
RISARALDA,2,11247,1496,0.98
RISARALDA,2,11247,1497,0.98
RISARALDA,2,11247,1498,0.93
RISARALDA,2,11247,1499,0.91
RISARALDA,2,11247,1500,0.93
RISARALDA,2,11247,1501,0.92
RISARALDA,2,11247,1502,0.91
RISARALDA,2,11247,1503,0.91
RISARALDA,2,11247,1504,0.9
RISARALDA,2,11247,1505,0.79
RISARALDA,2,11247,1506,0.57
RISARALDA,2,11247,1507,0.92
RISARALDA,2,11247,1508,0.91
RISARALDA,2,11247,1509,0.94
RISARALDA,2,11247,1510,0.94
RISARALDA,2,11247,1511,0.89
RISARALDA,2,11247,1512,0.91
RISARALDA,2,11247,1513,0.93
RISARALDA,2,11247,1514,0.92
RISARALDA,2,11247,1515,0.99
RISARALDA,2,11247,1516,0.98
RISARALDA,2,11247,1517,0.96
RISARALDA,2,11247,1518,0.82
SAN ANDRES ISLA,2,911,1519,0.87
SAN ANDRES ISLA,2,911,1520,0.86
SAN ANDRES ISLA,2,911,1521,0.9
SAN ANDRES ISLA,2,911,1522,0.95
SAN ANDRES ISLA,2,911,1523,0.9
SAN ANDRES ISLA,2,911,1524,0.92
SAN ANDRES ISLA,2,911,1525,0.95
SAN ANDRES ISLA,2,911,1526,0.87
SAN ANDRES ISLA,2,911,1527,0.91
SAN ANDRES ISLA,2,911,1528,0.82
SAN ANDRES ISLA,2,911,1529,0.54
SAN ANDRES ISLA,2,911,1530,0.9
SAN ANDRES ISLA,2,911,1531,0.93
SAN ANDRES ISLA,2,911,1532,0.95
SAN ANDRES ISLA,2,911,1533,0.94
SAN ANDRES ISLA,2,911,1534,0.81
SAN ANDRES ISLA,2,911,1535,0.95
SAN ANDRES ISLA,2,911,1536,0.87
SAN ANDRES ISLA,2,911,1537,0.87
SAN ANDRES ISLA,2,911,1538,0.86
SAN ANDRES ISLA,2,911,1539,0.88
SAN ANDRES ISLA,2,911,1540,0.9
SAN ANDRES ISLA,2,911,1541,0.81
SANTANDER,2,33357,1542,0.92
SANTANDER,2,33357,1543,0.92
SANTANDER,2,33357,1544,0.87
SANTANDER,2,33357,1545,0.88
SANTANDER,2,33357,1546,0.88
SANTANDER,2,33357,1547,0.88
SANTANDER,2,33357,1548,0.89
SANTANDER,2,33357,1549,0.88
SANTANDER,2,33357,1550,0.87
SANTANDER,2,33357,1551,0.78
SANTANDER,2,33357,1552,0.61
SANTANDER,2,33357,1553,0.9
SANTANDER,2,33357,1554,0.89
SANTANDER,2,33357,1555,0.9
SANTANDER,2,33357,1556,0.91
SANTANDER,2,33357,1557,0.85
SANTANDER,2,33357,1558,0.9
SANTANDER,2,33357,1559,0.85
SANTANDER,2,33357,1560,0.86
SANTANDER,2,33357,1561,0.87
SANTANDER,2,33357,1562,0.88
SANTANDER,2,33357,1563,0.84
SANTANDER,2,33357,1564,0.77
SUCRE,2,15738,1565,0.95
SUCRE,2,15738,1566,0.95
SUCRE,2,15738,1567,0.97
SUCRE,2,15738,1568,0.91
SUCRE,2,15738,1569,0.97
SUCRE,2,15738,1570,0.94
SUCRE,2,15738,1571,0.91
SUCRE,2,15738,1572,0.95
SUCRE,2,15738,1573,0.91
SUCRE,2,15738,1574,0.66
SUCRE,2,15738,1575,0.6
SUCRE,2,15738,1576,0.98
SUCRE,2,15738,1577,0.93
SUCRE,2,15738,1578,0.94
SUCRE,2,15738,1579,0.91
SUCRE,2,15738,1580,0.9
SUCRE,2,15738,1581,0.93
SUCRE,2,15738,1582,0.9
SUCRE,2,15738,1583,0.9
SUCRE,2,15738,1584,1.02
SUCRE,2,15738,1585,1.02
SUCRE,2,15738,1586,1.02
SUCRE,2,15738,1587,0.87
TOLIMA,2,19010,1588,0.87
TOLIMA,2,19010,1589,0.86
TOLIMA,2,19010,1590,0.91
TOLIMA,2,19010,1591,0.89
TOLIMA,2,19010,1592,0.91
TOLIMA,2,19010,1593,0.91
TOLIMA,2,19010,1594,0.88
TOLIMA,2,19010,1595,0.9
TOLIMA,2,19010,1596,0.91
TOLIMA,2,19010,1597,0.75
TOLIMA,2,19010,1598,0.49
TOLIMA,2,19010,1599,0.9
TOLIMA,2,19010,1600,0.9
TOLIMA,2,19010,1601,0.93
TOLIMA,2,19010,1602,0.9
TOLIMA,2,19010,1603,0.87
TOLIMA,2,19010,1604,0.91
TOLIMA,2,19010,1605,0.89
TOLIMA,2,19010,1606,0.89
TOLIMA,2,19010,1607,0.93
TOLIMA,2,19010,1608,0.93
TOLIMA,2,19010,1609,0.92
TOLIMA,2,19010,1610,0.78
VALLE DEL CAUCA,2,58240,1611,0.87
VALLE DEL CAUCA,2,58240,1612,0.87
VALLE DEL CAUCA,2,58240,1613,0.94
VALLE DEL CAUCA,2,58240,1614,0.94
VALLE DEL CAUCA,2,58240,1615,0.94
VALLE DEL CAUCA,2,58240,1616,0.94
VALLE DEL CAUCA,2,58240,1617,0.94
VALLE DEL CAUCA,2,58240,1618,0.94
VALLE DEL CAUCA,2,58240,1619,0.93
VALLE DEL CAUCA,2,58240,1620,0.63
VALLE DEL CAUCA,2,58240,1621,0.45
VALLE DEL CAUCA,2,58240,1622,0.94
VALLE DEL CAUCA,2,58240,1623,0.93
VALLE DEL CAUCA,2,58240,1624,0.96
VALLE DEL CAUCA,2,58240,1625,0.97
VALLE DEL CAUCA,2,58240,1626,0.93
VALLE DEL CAUCA,2,58240,1627,0.95
VALLE DEL CAUCA,2,58240,1628,0.94
VALLE DEL CAUCA,2,58240,1629,0.94
VALLE DEL CAUCA,2,58240,1630,0.96
VALLE DEL CAUCA,2,58240,1631,0.96
VALLE DEL CAUCA,2,58240,1632,0.96
VALLE DEL CAUCA,2,58240,1633,0.84
BUENAVENTURA,2,6138,1634,0.79
BUENAVENTURA,2,6138,1635,0.75
BUENAVENTURA,2,6138,1636,0.82
BUENAVENTURA,2,6138,1637,0.65
BUENAVENTURA,2,6138,1638,0.82
BUENAVENTURA,2,6138,1639,0.75
BUENAVENTURA,2,6138,1640,0.66
BUENAVENTURA,2,6138,1641,0.73
BUENAVENTURA,2,6138,1642,0.69
BUENAVENTURA,2,6138,1643,0.57
BUENAVENTURA,2,6138,1644,0.36
BUENAVENTURA,2,6138,1645,0.82
BUENAVENTURA,2,6138,1646,0.75
BUENAVENTURA,2,6138,1647,0.76
BUENAVENTURA,2,6138,1648,0.74
BUENAVENTURA,2,6138,1649,0.55
BUENAVENTURA,2,6138,1650,0.74
BUENAVENTURA,2,6138,1651,0.59
BUENAVENTURA,2,6138,1652,0.59
BUENAVENTURA,2,6138,1653,0.75
BUENAVENTURA,2,6138,1654,0.75
BUENAVENTURA,2,6138,1655,0.73
BUENAVENTURA,2,6138,1656,0.64
VAUPES,2,862,1657,0.83
VAUPES,2,862,1658,0.68
VAUPES,2,862,1659,0.81
VAUPES,2,862,1660,0.82
VAUPES,2,862,1661,0.81
VAUPES,2,862,1662,0.74
VAUPES,2,862,1663,0.81
VAUPES,2,862,1664,0.66
VAUPES,2,862,1665,0.64
VAUPES,2,862,1666,0.6
VAUPES,2,862,1667,0.31
VAUPES,2,862,1668,0.81
VAUPES,2,862,1669,0.76
VAUPES,2,862,1670,0.87
VAUPES,2,862,1671,0.8
VAUPES,2,862,1672,0.89
VAUPES,2,862,1673,0.84
VAUPES,2,862,1674,0.57
VAUPES,2,862,1675,0.57
VAUPES,2,862,1676,0.89
VAUPES,2,862,1677,0.89
VAUPES,2,862,1678,0.87
VAUPES,2,862,1679,0.65
VICHADA,2,1871,1680,0.81
VICHADA,2,1871,1681,0.51
VICHADA,2,1871,1682,0.95
VICHADA,2,1871,1683,0.59
VICHADA,2,1871,1684,0.95
VICHADA,2,1871,1685,0.79
VICHADA,2,1871,1686,0.59
VICHADA,2,1871,1687,0.64
VICHADA,2,1871,1688,0.61
VICHADA,2,1871,1689,0.58
VICHADA,2,1871,1690,0.34
VICHADA,2,1871,1691,0.96
VICHADA,2,1871,1692,0.75
VICHADA,2,1871,1693,0.89
VICHADA,2,1871,1694,0.75
VICHADA,2,1871,1695,1.11
VICHADA,2,1871,1696,0.71
VICHADA,2,1871,1697,0.49
VICHADA,2,1871,1698,0.49
VICHADA,2,1871,1699,0.67
VICHADA,2,1871,1700,0.66
VICHADA,2,1871,1701,0.62
VICHADA,2,1871,1702,0.55
AMAZONAS,3,1761,1703,0.86
AMAZONAS,3,1761,1704,0.78
AMAZONAS,3,1761,1705,0.84
AMAZONAS,3,1761,1706,0.81
AMAZONAS,3,1761,1707,0.84
AMAZONAS,3,1761,1708,0.83
AMAZONAS,3,1761,1709,0.81
AMAZONAS,3,1761,1710,0.78
AMAZONAS,3,1761,1711,0.78
AMAZONAS,3,1761,1712,0.77
AMAZONAS,3,1761,1713,0.63
AMAZONAS,3,1761,1714,0.84
AMAZONAS,3,1761,1715,0.83
AMAZONAS,3,1761,1716,0.88
AMAZONAS,3,1761,1717,0.86
AMAZONAS,3,1761,1718,0.9
AMAZONAS,3,1761,1719,0.88
AMAZONAS,3,1761,1720,0.78
AMAZONAS,3,1761,1721,0.78
AMAZONAS,3,1761,1722,0.79
AMAZONAS,3,1761,1723,0.79
AMAZONAS,3,1761,1724,0.79
AMAZONAS,3,1761,1725,0.62
ANTIOQUIA,3,80134,1726,0.93
ANTIOQUIA,3,80134,1727,0.92
ANTIOQUIA,3,80134,1728,0.92
ANTIOQUIA,3,80134,1729,0.92
ANTIOQUIA,3,80134,1730,0.92
ANTIOQUIA,3,80134,1731,0.93
ANTIOQUIA,3,80134,1732,0.92
ANTIOQUIA,3,80134,1733,0.88
ANTIOQUIA,3,80134,1734,0.89
ANTIOQUIA,3,80134,1735,0.84
ANTIOQUIA,3,80134,1736,0.67
ANTIOQUIA,3,80134,1737,0.93
ANTIOQUIA,3,80134,1738,0.93
ANTIOQUIA,3,80134,1739,0.96
ANTIOQUIA,3,80134,1740,0.96
ANTIOQUIA,3,80134,1741,0.86
ANTIOQUIA,3,80134,1742,0.95
ANTIOQUIA,3,80134,1743,0.86
ANTIOQUIA,3,80134,1744,0.86
ANTIOQUIA,3,80134,1745,0.92
ANTIOQUIA,3,80134,1746,0.92
ANTIOQUIA,3,80134,1747,0.92
ANTIOQUIA,3,80134,1748,0.81
ARAUCA,3,4629,1749,1.12
ARAUCA,3,4629,1750,1.1
ARAUCA,3,4629,1751,1.08
ARAUCA,3,4629,1752,1.05
ARAUCA,3,4629,1753,1.08
ARAUCA,3,4629,1754,1.06
ARAUCA,3,4629,1755,1.05
ARAUCA,3,4629,1756,1.05
ARAUCA,3,4629,1757,1.02
ARAUCA,3,4629,1758,0.89
ARAUCA,3,4629,1759,0.66
ARAUCA,3,4629,1760,1.11
ARAUCA,3,4629,1761,1.07
ARAUCA,3,4629,1762,1.08
ARAUCA,3,4629,1763,1.09
ARAUCA,3,4629,1764,1.11
ARAUCA,3,4629,1765,1.05
ARAUCA,3,4629,1766,0.94
ARAUCA,3,4629,1767,0.94
ARAUCA,3,4629,1768,0.97
ARAUCA,3,4629,1769,0.97
ARAUCA,3,4629,1770,0.97
ARAUCA,3,4629,1771,0.9
ATLANTICO,3,21092,1772,0.96
ATLANTICO,3,21092,1773,0.92
ATLANTICO,3,21092,1774,0.94
ATLANTICO,3,21092,1775,1.0
ATLANTICO,3,21092,1776,0.93
ATLANTICO,3,21092,1777,0.95
ATLANTICO,3,21092,1778,1.0
ATLANTICO,3,21092,1779,0.9
ATLANTICO,3,21092,1780,0.99
ATLANTICO,3,21092,1781,0.85
ATLANTICO,3,21092,1782,0.55
ATLANTICO,3,21092,1783,0.9
ATLANTICO,3,21092,1784,0.98
ATLANTICO,3,21092,1785,1.02
ATLANTICO,3,21092,1786,1.03
ATLANTICO,3,21092,1787,0.95
ATLANTICO,3,21092,1788,1.0
ATLANTICO,3,21092,1789,0.94
ATLANTICO,3,21092,1790,0.94
ATLANTICO,3,21092,1791,0.99
ATLANTICO,3,21092,1792,0.99
ATLANTICO,3,21092,1793,0.99
ATLANTICO,3,21092,1794,0.76
BARRANQUILLA,3,21844,1795,0.99
BARRANQUILLA,3,21844,1796,0.99
BARRANQUILLA,3,21844,1797,0.98
BARRANQUILLA,3,21844,1798,0.96
BARRANQUILLA,3,21844,1799,0.98
BARRANQUILLA,3,21844,1800,0.96
BARRANQUILLA,3,21844,1801,0.96
BARRANQUILLA,3,21844,1802,0.97
BARRANQUILLA,3,21844,1803,0.95
BARRANQUILLA,3,21844,1804,0.93
BARRANQUILLA,3,21844,1805,0.64
BARRANQUILLA,3,21844,1806,0.99
BARRANQUILLA,3,21844,1807,0.98
BARRANQUILLA,3,21844,1808,1.01
BARRANQUILLA,3,21844,1809,0.99
BARRANQUILLA,3,21844,1810,0.96
BARRANQUILLA,3,21844,1811,0.98
BARRANQUILLA,3,21844,1812,0.96
BARRANQUILLA,3,21844,1813,0.97
BARRANQUILLA,3,21844,1814,1.02
BARRANQUILLA,3,21844,1815,1.02
BARRANQUILLA,3,21844,1816,1.02
BARRANQUILLA,3,21844,1817,0.81
BOGOTA D.C.,3,105191,1818,0.97
BOGOTA D.C.,3,105191,1819,0.97
BOGOTA D.C.,3,105191,1820,0.84
BOGOTA D.C.,3,105191,1821,0.86
BOGOTA D.C.,3,105191,1822,0.84
BOGOTA D.C.,3,105191,1823,0.85
BOGOTA D.C.,3,105191,1824,0.86
BOGOTA D.C.,3,105191,1825,0.82
BOGOTA D.C.,3,105191,1826,0.83
BOGOTA D.C.,3,105191,1827,0.58
BOGOTA D.C.,3,105191,1828,0.42
BOGOTA D.C.,3,105191,1829,0.85
BOGOTA D.C.,3,105191,1830,0.86
BOGOTA D.C.,3,105191,1831,0.9
BOGOTA D.C.,3,105191,1832,0.9
BOGOTA D.C.,3,105191,1833,0.8
BOGOTA D.C.,3,105191,1834,0.88
BOGOTA D.C.,3,105191,1835,0.81
BOGOTA D.C.,3,105191,1836,0.81
BOGOTA D.C.,3,105191,1837,0.89
BOGOTA D.C.,3,105191,1838,0.89
BOGOTA D.C.,3,105191,1839,0.9
BOGOTA D.C.,3,105191,1840,0.79
BOLIVAR,3,21923,1841,0.49
BOLIVAR,3,21923,1842,0.46
BOLIVAR,3,21923,1843,0.85
BOLIVAR,3,21923,1844,0.86
BOLIVAR,3,21923,1845,0.84
BOLIVAR,3,21923,1846,0.85
BOLIVAR,3,21923,1847,0.86
BOLIVAR,3,21923,1848,0.81
BOLIVAR,3,21923,1849,0.82
BOLIVAR,3,21923,1850,0.82
BOLIVAR,3,21923,1851,0.6
BOLIVAR,3,21923,1852,0.86
BOLIVAR,3,21923,1853,0.87
BOLIVAR,3,21923,1854,0.91
BOLIVAR,3,21923,1855,0.91
BOLIVAR,3,21923,1856,0.75
BOLIVAR,3,21923,1857,0.9
BOLIVAR,3,21923,1858,0.81
BOLIVAR,3,21923,1859,0.82
BOLIVAR,3,21923,1860,0.85
BOLIVAR,3,21923,1861,0.86
BOLIVAR,3,21923,1862,0.84
BOLIVAR,3,21923,1863,0.72
CARTAGENA,3,19588,1864,0.98
CARTAGENA,3,19588,1865,0.98
CARTAGENA,3,19588,1866,0.92
CARTAGENA,3,19588,1867,0.9
CARTAGENA,3,19588,1868,0.93
CARTAGENA,3,19588,1869,0.92
CARTAGENA,3,19588,1870,0.9
CARTAGENA,3,19588,1871,0.9
CARTAGENA,3,19588,1872,0.89
CARTAGENA,3,19588,1873,0.78
CARTAGENA,3,19588,1874,0.6
CARTAGENA,3,19588,1875,1.0
CARTAGENA,3,19588,1876,0.97
CARTAGENA,3,19588,1877,0.98
CARTAGENA,3,19588,1878,0.97
CARTAGENA,3,19588,1879,0.78
CARTAGENA,3,19588,1880,0.97
CARTAGENA,3,19588,1881,0.78
CARTAGENA,3,19588,1882,0.79
CARTAGENA,3,19588,1883,0.86
CARTAGENA,3,19588,1884,0.86
CARTAGENA,3,19588,1885,0.88
CARTAGENA,3,19588,1886,0.8
BOYACA,3,15751,1887,0.88
BOYACA,3,15751,1888,0.87
BOYACA,3,15751,1889,0.92
BOYACA,3,15751,1890,0.93
BOYACA,3,15751,1891,0.92
BOYACA,3,15751,1892,0.92
BOYACA,3,15751,1893,0.93
BOYACA,3,15751,1894,0.91
BOYACA,3,15751,1895,0.91
BOYACA,3,15751,1896,0.83
BOYACA,3,15751,1897,0.77
BOYACA,3,15751,1898,0.92
BOYACA,3,15751,1899,0.92
BOYACA,3,15751,1900,0.97
BOYACA,3,15751,1901,0.97
BOYACA,3,15751,1902,0.95
BOYACA,3,15751,1903,0.96
BOYACA,3,15751,1904,0.94
BOYACA,3,15751,1905,0.94
BOYACA,3,15751,1906,1.05
BOYACA,3,15751,1907,1.05
BOYACA,3,15751,1908,1.05
BOYACA,3,15751,1909,0.8
CALDAS,3,10331,1910,0.85
CALDAS,3,10331,1911,0.84
CALDAS,3,10331,1912,0.86
CALDAS,3,10331,1913,0.96
CALDAS,3,10331,1914,0.85
CALDAS,3,10331,1915,0.86
CALDAS,3,10331,1916,0.95
CALDAS,3,10331,1917,0.85
CALDAS,3,10331,1918,0.92
CALDAS,3,10331,1919,0.82
CALDAS,3,10331,1920,0.68
CALDAS,3,10331,1921,0.86
CALDAS,3,10331,1922,0.96
CALDAS,3,10331,1923,0.97
CALDAS,3,10331,1924,0.97
CALDAS,3,10331,1925,0.93
CALDAS,3,10331,1926,0.95
CALDAS,3,10331,1927,0.87
CALDAS,3,10331,1928,0.88
CALDAS,3,10331,1929,0.93
CALDAS,3,10331,1930,0.94
CALDAS,3,10331,1931,0.87
CALDAS,3,10331,1932,1.09
CAQUETA,3,7870,1933,0.93
CAQUETA,3,7870,1934,0.9
CAQUETA,3,7870,1935,0.91
CAQUETA,3,7870,1936,0.87
CAQUETA,3,7870,1937,0.91
CAQUETA,3,7870,1938,0.9
CAQUETA,3,7870,1939,0.87
CAQUETA,3,7870,1940,0.86
CAQUETA,3,7870,1941,0.86
CAQUETA,3,7870,1942,0.84
CAQUETA,3,7870,1943,0.66
CAQUETA,3,7870,1944,0.91
CAQUETA,3,7870,1945,0.9
CAQUETA,3,7870,1946,0.93
CAQUETA,3,7870,1947,0.93
CAQUETA,3,7870,1948,0.97
CAQUETA,3,7870,1949,0.91
CAQUETA,3,7870,1950,0.79
CAQUETA,3,7870,1951,0.79
CAQUETA,3,7870,1952,0.89
CAQUETA,3,7870,1953,0.89
CAQUETA,3,7870,1954,0.9
CAQUETA,3,7870,1955,0.79
CASANARE,3,7411,1956,0.82
CASANARE,3,7411,1957,0.81
CASANARE,3,7411,1958,0.87
CASANARE,3,7411,1959,0.88
CASANARE,3,7411,1960,0.87
CASANARE,3,7411,1961,0.89
CASANARE,3,7411,1962,0.88
CASANARE,3,7411,1963,0.86
CASANARE,3,7411,1964,0.88
CASANARE,3,7411,1965,0.85
CASANARE,3,7411,1966,0.7
CASANARE,3,7411,1967,0.87
CASANARE,3,7411,1968,0.89
CASANARE,3,7411,1969,0.92
CASANARE,3,7411,1970,0.92
CASANARE,3,7411,1971,0.95
CASANARE,3,7411,1972,0.92
CASANARE,3,7411,1973,0.89
CASANARE,3,7411,1974,0.89
CASANARE,3,7411,1975,0.95
CASANARE,3,7411,1976,0.95
CASANARE,3,7411,1977,0.95
CASANARE,3,7411,1978,0.74
CAUCA,3,22724,1979,0.73
CAUCA,3,22724,1980,0.71
CAUCA,3,22724,1981,0.86
CAUCA,3,22724,1982,0.9
CAUCA,3,22724,1983,0.86
CAUCA,3,22724,1984,0.87
CAUCA,3,22724,1985,0.9
CAUCA,3,22724,1986,0.84
CAUCA,3,22724,1987,0.85
CAUCA,3,22724,1988,0.83
CAUCA,3,22724,1989,0.63
CAUCA,3,22724,1990,0.86
CAUCA,3,22724,1991,0.88
CAUCA,3,22724,1992,0.94
CAUCA,3,22724,1993,0.93
CAUCA,3,22724,1994,0.83
CAUCA,3,22724,1995,0.94
CAUCA,3,22724,1996,0.83
CAUCA,3,22724,1997,0.83
CAUCA,3,22724,1998,0.92
CAUCA,3,22724,1999,0.92
CAUCA,3,22724,2000,0.92
CAUCA,3,22724,2001,0.71
CESAR,3,23773,2002,0.93
CESAR,3,23773,2003,0.9
CESAR,3,23773,2004,0.99
CESAR,3,23773,2005,0.95
CESAR,3,23773,2006,0.99
CESAR,3,23773,2007,0.97
CESAR,3,23773,2008,0.95
CESAR,3,23773,2009,0.91
CESAR,3,23773,2010,0.88
CESAR,3,23773,2011,0.88
CESAR,3,23773,2012,0.66
CESAR,3,23773,2013,1.05
CESAR,3,23773,2014,1.0
CESAR,3,23773,2015,1.03
CESAR,3,23773,2016,1.02
CESAR,3,23773,2017,0.91
CESAR,3,23773,2018,1.0
CESAR,3,23773,2019,0.86
CESAR,3,23773,2020,0.86
CESAR,3,23773,2021,0.95
CESAR,3,23773,2022,0.94
CESAR,3,23773,2023,0.95
CESAR,3,23773,2024,0.88
CHOCO,3,11304,2025,0.84
CHOCO,3,11304,2026,0.63
CHOCO,3,11304,2027,0.96
CHOCO,3,11304,2028,0.81
CHOCO,3,11304,2029,0.96
CHOCO,3,11304,2030,0.88
CHOCO,3,11304,2031,0.81
CHOCO,3,11304,2032,0.76
CHOCO,3,11304,2033,0.75
CHOCO,3,11304,2034,0.83
CHOCO,3,11304,2035,0.49
CHOCO,3,11304,2036,0.96
CHOCO,3,11304,2037,0.88
CHOCO,3,11304,2038,0.95
CHOCO,3,11304,2039,0.96
CHOCO,3,11304,2040,0.98
CHOCO,3,11304,2041,0.9
CHOCO,3,11304,2042,0.6
CHOCO,3,11304,2043,0.6
CHOCO,3,11304,2044,0.78
CHOCO,3,11304,2045,0.78
CHOCO,3,11304,2046,0.79
CHOCO,3,11304,2047,0.61
CORDOBA,3,32140,2048,0.83
CORDOBA,3,32140,2049,0.81
CORDOBA,3,32140,2050,0.87
CORDOBA,3,32140,2051,0.87
CORDOBA,3,32140,2052,0.87
CORDOBA,3,32140,2053,0.87
CORDOBA,3,32140,2054,0.87
CORDOBA,3,32140,2055,0.85
CORDOBA,3,32140,2056,0.85
CORDOBA,3,32140,2057,0.83
CORDOBA,3,32140,2058,0.65
CORDOBA,3,32140,2059,0.87
CORDOBA,3,32140,2060,0.87
CORDOBA,3,32140,2061,0.9
CORDOBA,3,32140,2062,0.9
CORDOBA,3,32140,2063,0.84
CORDOBA,3,32140,2064,0.89
CORDOBA,3,32140,2065,0.84
CORDOBA,3,32140,2066,0.84
CORDOBA,3,32140,2067,0.89
CORDOBA,3,32140,2068,0.89
CORDOBA,3,32140,2069,0.89
CORDOBA,3,32140,2070,0.76
CUNDINAMARCA,3,36013,2071,0.48
CUNDINAMARCA,3,36013,2072,0.48
CUNDINAMARCA,3,36013,2073,0.87
CUNDINAMARCA,3,36013,2074,0.94
CUNDINAMARCA,3,36013,2075,0.87
CUNDINAMARCA,3,36013,2076,0.91
CUNDINAMARCA,3,36013,2077,0.94
CUNDINAMARCA,3,36013,2078,0.86
CUNDINAMARCA,3,36013,2079,0.9
CUNDINAMARCA,3,36013,2080,0.81
CUNDINAMARCA,3,36013,2081,0.57
CUNDINAMARCA,3,36013,2082,0.88
CUNDINAMARCA,3,36013,2083,0.91
CUNDINAMARCA,3,36013,2084,0.98
CUNDINAMARCA,3,36013,2085,0.99
CUNDINAMARCA,3,36013,2086,0.91
CUNDINAMARCA,3,36013,2087,0.98
CUNDINAMARCA,3,36013,2088,0.91
CUNDINAMARCA,3,36013,2089,0.91
CUNDINAMARCA,3,36013,2090,0.99
CUNDINAMARCA,3,36013,2091,0.99
CUNDINAMARCA,3,36013,2092,0.99
CUNDINAMARCA,3,36013,2093,0.71
GUAINIA,3,884,2094,1.19
GUAINIA,3,884,2095,0.98
GUAINIA,3,884,2096,1.17
GUAINIA,3,884,2097,1.01
GUAINIA,3,884,2098,1.17
GUAINIA,3,884,2099,1.07
GUAINIA,3,884,2100,1.01
GUAINIA,3,884,2101,0.93
GUAINIA,3,884,2102,0.89
GUAINIA,3,884,2103,0.89
GUAINIA,3,884,2104,0.62
GUAINIA,3,884,2105,1.18
GUAINIA,3,884,2106,1.06
GUAINIA,3,884,2107,1.17
GUAINIA,3,884,2108,1.15
GUAINIA,3,884,2109,1.18
GUAINIA,3,884,2110,1.07
GUAINIA,3,884,2111,0.73
GUAINIA,3,884,2112,0.73
GUAINIA,3,884,2113,0.94
GUAINIA,3,884,2114,0.94
GUAINIA,3,884,2115,0.96
GUAINIA,3,884,2116,0.77
GUAVIARE,3,1386,2117,0.96
GUAVIARE,3,1386,2118,0.94
GUAVIARE,3,1386,2119,0.95
GUAVIARE,3,1386,2120,0.99
GUAVIARE,3,1386,2121,0.95
GUAVIARE,3,1386,2122,0.97
GUAVIARE,3,1386,2123,0.99
GUAVIARE,3,1386,2124,0.91
GUAVIARE,3,1386,2125,0.93
GUAVIARE,3,1386,2126,0.72
GUAVIARE,3,1386,2127,0.64
GUAVIARE,3,1386,2128,0.96
GUAVIARE,3,1386,2129,0.98
GUAVIARE,3,1386,2130,1.01
GUAVIARE,3,1386,2131,1.02
GUAVIARE,3,1386,2132,1.04
GUAVIARE,3,1386,2133,1.02
GUAVIARE,3,1386,2134,0.88
GUAVIARE,3,1386,2135,0.88
GUAVIARE,3,1386,2136,0.96
GUAVIARE,3,1386,2137,0.96
GUAVIARE,3,1386,2138,0.97
GUAVIARE,3,1386,2139,0.85
HUILA,3,20502,2140,0.93
HUILA,3,20502,2141,0.93
HUILA,3,20502,2142,0.91
HUILA,3,20502,2143,0.9
HUILA,3,20502,2144,0.91
HUILA,3,20502,2145,0.91
HUILA,3,20502,2146,0.9
HUILA,3,20502,2147,0.9
HUILA,3,20502,2148,0.9
HUILA,3,20502,2149,0.79
HUILA,3,20502,2150,0.64
HUILA,3,20502,2151,0.91
HUILA,3,20502,2152,0.91
HUILA,3,20502,2153,0.95
HUILA,3,20502,2154,0.95
HUILA,3,20502,2155,0.89
HUILA,3,20502,2156,0.95
HUILA,3,20502,2157,0.9
HUILA,3,20502,2158,0.9
HUILA,3,20502,2159,0.97
HUILA,3,20502,2160,0.97
HUILA,3,20502,2161,0.97
HUILA,3,20502,2162,0.83
LA_GUAJIRA,3,21574,2163,0.99
LA_GUAJIRA,3,21574,2164,0.91
LA_GUAJIRA,3,21574,2165,0.98
LA_GUAJIRA,3,21574,2166,0.89
LA_GUAJIRA,3,21574,2167,0.98
LA_GUAJIRA,3,21574,2168,0.91
LA_GUAJIRA,3,21574,2169,0.89
LA_GUAJIRA,3,21574,2170,0.85
LA_GUAJIRA,3,21574,2171,0.82
LA_GUAJIRA,3,21574,2172,0.87
LA_GUAJIRA,3,21574,2173,0.58
LA_GUAJIRA,3,21574,2174,1.01
LA_GUAJIRA,3,21574,2175,0.92
LA_GUAJIRA,3,21574,2176,0.97
LA_GUAJIRA,3,21574,2177,0.96
LA_GUAJIRA,3,21574,2178,0.65
LA_GUAJIRA,3,21574,2179,0.94
LA_GUAJIRA,3,21574,2180,0.66
LA_GUAJIRA,3,21574,2181,0.66
LA_GUAJIRA,3,21574,2182,0.8
LA_GUAJIRA,3,21574,2183,0.8
LA_GUAJIRA,3,21574,2184,0.8
LA_GUAJIRA,3,21574,2185,0.67
MAGDALENA,3,17950,2186,0.76
MAGDALENA,3,17950,2187,0.73
MAGDALENA,3,17950,2188,0.91
MAGDALENA,3,17950,2189,0.91
MAGDALENA,3,17950,2190,0.91
MAGDALENA,3,17950,2191,0.91
MAGDALENA,3,17950,2192,0.91
MAGDALENA,3,17950,2193,0.87
MAGDALENA,3,17950,2194,0.88
MAGDALENA,3,17950,2195,0.79
MAGDALENA,3,17950,2196,0.58
MAGDALENA,3,17950,2197,0.91
MAGDALENA,3,17950,2198,0.91
MAGDALENA,3,17950,2199,0.95
MAGDALENA,3,17950,2200,0.95
MAGDALENA,3,17950,2201,0.86
MAGDALENA,3,17950,2202,0.94
MAGDALENA,3,17950,2203,0.86
MAGDALENA,3,17950,2204,0.86
MAGDALENA,3,17950,2205,0.91
MAGDALENA,3,17950,2206,0.92
MAGDALENA,3,17950,2207,0.92
MAGDALENA,3,17950,2208,0.74
SANTA MARTA,3,9130,2209,0.94
SANTA MARTA,3,9130,2210,0.9
SANTA MARTA,3,9130,2211,0.93
SANTA MARTA,3,9130,2212,0.87
SANTA MARTA,3,9130,2213,0.92
SANTA MARTA,3,9130,2214,0.9
SANTA MARTA,3,9130,2215,0.87
SANTA MARTA,3,9130,2216,0.87
SANTA MARTA,3,9130,2217,0.85
SANTA MARTA,3,9130,2218,0.77
SANTA MARTA,3,9130,2219,0.52
SANTA MARTA,3,9130,2220,0.9
SANTA MARTA,3,9130,2221,0.89
SANTA MARTA,3,9130,2222,0.92
SANTA MARTA,3,9130,2223,0.91
SANTA MARTA,3,9130,2224,0.79
SANTA MARTA,3,9130,2225,0.86
SANTA MARTA,3,9130,2226,0.79
SANTA MARTA,3,9130,2227,0.81
SANTA MARTA,3,9130,2228,0.82
SANTA MARTA,3,9130,2229,0.84
SANTA MARTA,3,9130,2230,0.82
SANTA MARTA,3,9130,2231,0.72
META,3,16307,2232,0.94
META,3,16307,2233,0.94
META,3,16307,2234,0.91
META,3,16307,2235,0.89
META,3,16307,2236,0.91
META,3,16307,2237,0.91
META,3,16307,2238,0.88
META,3,16307,2239,0.88
META,3,16307,2240,0.89
META,3,16307,2241,0.72
META,3,16307,2242,0.51
META,3,16307,2243,0.95
META,3,16307,2244,0.97
META,3,16307,2245,0.94
META,3,16307,2246,0.94
META,3,16307,2247,0.97
META,3,16307,2248,0.98
META,3,16307,2249,0.87
META,3,16307,2250,0.87
META,3,16307,2251,0.91
META,3,16307,2252,0.91
META,3,16307,2253,0.91
META,3,16307,2254,0.75
NARIÑO,3,21730,2255,0.85
NARIÑO,3,21730,2256,0.83
NARIÑO,3,21730,2257,0.86
NARIÑO,3,21730,2258,0.84
NARIÑO,3,21730,2259,0.86
NARIÑO,3,21730,2260,0.85
NARIÑO,3,21730,2261,0.84
NARIÑO,3,21730,2262,0.83
NARIÑO,3,21730,2263,0.83
NARIÑO,3,21730,2264,0.69
NARIÑO,3,21730,2265,0.6
NARIÑO,3,21730,2266,0.86
NARIÑO,3,21730,2267,0.85
NARIÑO,3,21730,2268,0.9
NARIÑO,3,21730,2269,0.91
NARIÑO,3,21730,2270,0.83
NARIÑO,3,21730,2271,0.89
NARIÑO,3,21730,2272,0.84
NARIÑO,3,21730,2273,0.84
NARIÑO,3,21730,2274,0.88
NARIÑO,3,21730,2275,0.88
NARIÑO,3,21730,2276,0.89
NARIÑO,3,21730,2277,0.73
NORTE_DE_SANTANDER,3,24173,2278,0.85
NORTE_DE_SANTANDER,3,24173,2279,0.84
NORTE_DE_SANTANDER,3,24173,2280,0.92
NORTE_DE_SANTANDER,3,24173,2281,0.93
NORTE_DE_SANTANDER,3,24173,2282,0.92
NORTE_DE_SANTANDER,3,24173,2283,0.91
NORTE_DE_SANTANDER,3,24173,2284,0.91
NORTE_DE_SANTANDER,3,24173,2285,0.89
NORTE_DE_SANTANDER,3,24173,2286,0.87
NORTE_DE_SANTANDER,3,24173,2287,0.91
NORTE_DE_SANTANDER,3,24173,2288,0.66
NORTE_DE_SANTANDER,3,24173,2289,0.96
NORTE_DE_SANTANDER,3,24173,2290,0.91
NORTE_DE_SANTANDER,3,24173,2291,0.93
NORTE_DE_SANTANDER,3,24173,2292,0.8
NORTE_DE_SANTANDER,3,24173,2293,1.02
NORTE_DE_SANTANDER,3,24173,2294,0.9
NORTE_DE_SANTANDER,3,24173,2295,0.77
NORTE_DE_SANTANDER,3,24173,2296,0.77
NORTE_DE_SANTANDER,3,24173,2297,0.84
NORTE_DE_SANTANDER,3,24173,2298,0.84
NORTE_DE_SANTANDER,3,24173,2299,0.84
NORTE_DE_SANTANDER,3,24173,2300,0.76
PUTUMAYO,3,5039,2301,0.82
PUTUMAYO,3,5039,2302,0.81
PUTUMAYO,3,5039,2303,0.93
PUTUMAYO,3,5039,2304,0.93
PUTUMAYO,3,5039,2305,0.94
PUTUMAYO,3,5039,2306,0.94
PUTUMAYO,3,5039,2307,0.93
PUTUMAYO,3,5039,2308,0.91
PUTUMAYO,3,5039,2309,0.92
PUTUMAYO,3,5039,2310,0.63
PUTUMAYO,3,5039,2311,0.55
PUTUMAYO,3,5039,2312,0.94
PUTUMAYO,3,5039,2313,0.94
PUTUMAYO,3,5039,2314,0.97
PUTUMAYO,3,5039,2315,0.95
PUTUMAYO,3,5039,2316,1.02
PUTUMAYO,3,5039,2317,0.96
PUTUMAYO,3,5039,2318,0.89
PUTUMAYO,3,5039,2319,0.89
PUTUMAYO,3,5039,2320,0.97
PUTUMAYO,3,5039,2321,0.97
PUTUMAYO,3,5039,2322,0.98
PUTUMAYO,3,5039,2323,0.79
QUINDIO,3,5894,2324,0.98
QUINDIO,3,5894,2325,0.98
QUINDIO,3,5894,2326,0.95
QUINDIO,3,5894,2327,0.97
QUINDIO,3,5894,2328,0.95
QUINDIO,3,5894,2329,0.96
QUINDIO,3,5894,2330,0.97
QUINDIO,3,5894,2331,0.94
QUINDIO,3,5894,2332,0.94
QUINDIO,3,5894,2333,0.97
QUINDIO,3,5894,2334,0.78
QUINDIO,3,5894,2335,0.95
QUINDIO,3,5894,2336,0.96
QUINDIO,3,5894,2337,1.0
QUINDIO,3,5894,2338,1.01
QUINDIO,3,5894,2339,0.95
QUINDIO,3,5894,2340,0.99
QUINDIO,3,5894,2341,0.95
QUINDIO,3,5894,2342,0.95
QUINDIO,3,5894,2343,1.01
QUINDIO,3,5894,2344,1.01
QUINDIO,3,5894,2345,1.01
QUINDIO,3,5894,2346,0.86
RISARALDA,3,11014,2347,0.98
RISARALDA,3,11014,2348,0.96
RISARALDA,3,11014,2349,0.93
RISARALDA,3,11014,2350,0.93
RISARALDA,3,11014,2351,0.93
RISARALDA,3,11014,2352,0.92
RISARALDA,3,11014,2353,0.93
RISARALDA,3,11014,2354,0.91
RISARALDA,3,11014,2355,0.91
RISARALDA,3,11014,2356,0.78
RISARALDA,3,11014,2357,0.62
RISARALDA,3,11014,2358,0.94
RISARALDA,3,11014,2359,0.94
RISARALDA,3,11014,2360,0.97
RISARALDA,3,11014,2361,0.98
RISARALDA,3,11014,2362,0.91
RISARALDA,3,11014,2363,0.96
RISARALDA,3,11014,2364,0.95
RISARALDA,3,11014,2365,0.95
RISARALDA,3,11014,2366,1.01
RISARALDA,3,11014,2367,1.0
RISARALDA,3,11014,2368,1.0
RISARALDA,3,11014,2369,0.83
SAN_ANDRES_ISLAS,3,916,2370,0.81
SAN_ANDRES_ISLAS,3,916,2371,0.81
SAN_ANDRES_ISLAS,3,916,2372,0.86
SAN_ANDRES_ISLAS,3,916,2373,0.89
SAN_ANDRES_ISLAS,3,916,2374,0.86
SAN_ANDRES_ISLAS,3,916,2375,0.87
SAN_ANDRES_ISLAS,3,916,2376,0.9
SAN_ANDRES_ISLAS,3,916,2377,0.83
SAN_ANDRES_ISLAS,3,916,2378,0.85
SAN_ANDRES_ISLAS,3,916,2379,0.75
SAN_ANDRES_ISLAS,3,916,2380,0.64
SAN_ANDRES_ISLAS,3,916,2381,0.86
SAN_ANDRES_ISLAS,3,916,2382,0.87
SAN_ANDRES_ISLAS,3,916,2383,0.9
SAN_ANDRES_ISLAS,3,916,2384,0.89
SAN_ANDRES_ISLAS,3,916,2385,0.82
SAN_ANDRES_ISLAS,3,916,2386,0.89
SAN_ANDRES_ISLAS,3,916,2387,0.84
SAN_ANDRES_ISLAS,3,916,2388,0.85
SAN_ANDRES_ISLAS,3,916,2389,0.9
SAN_ANDRES_ISLAS,3,916,2390,0.9
SAN_ANDRES_ISLAS,3,916,2391,0.91
SAN_ANDRES_ISLAS,3,916,2392,0.75
SANTANDER,3,32919,2393,0.87
SANTANDER,3,32919,2394,0.87
SANTANDER,3,32919,2395,0.87
SANTANDER,3,32919,2396,0.87
SANTANDER,3,32919,2397,0.87
SANTANDER,3,32919,2398,0.87
SANTANDER,3,32919,2399,0.87
SANTANDER,3,32919,2400,0.86
SANTANDER,3,32919,2401,0.86
SANTANDER,3,32919,2402,0.85
SANTANDER,3,32919,2403,0.68
SANTANDER,3,32919,2404,0.88
SANTANDER,3,32919,2405,0.88
SANTANDER,3,32919,2406,0.9
SANTANDER,3,32919,2407,0.9
SANTANDER,3,32919,2408,0.84
SANTANDER,3,32919,2409,0.9
SANTANDER,3,32919,2410,0.83
SANTANDER,3,32919,2411,0.83
SANTANDER,3,32919,2412,0.86
SANTANDER,3,32919,2413,0.86
SANTANDER,3,32919,2414,0.85
SANTANDER,3,32919,2415,0.75
SUCRE,3,15218,2416,0.97
SUCRE,3,15218,2417,0.97
SUCRE,3,15218,2418,0.99
SUCRE,3,15218,2419,0.99
SUCRE,3,15218,2420,0.99
SUCRE,3,15218,2421,0.99
SUCRE,3,15218,2422,0.99
SUCRE,3,15218,2423,0.96
SUCRE,3,15218,2424,0.95
SUCRE,3,15218,2425,0.76
SUCRE,3,15218,2426,0.67
SUCRE,3,15218,2427,1.0
SUCRE,3,15218,2428,1.0
SUCRE,3,15218,2429,1.01
SUCRE,3,15218,2430,1.0
SUCRE,3,15218,2431,0.92
SUCRE,3,15218,2432,1.0
SUCRE,3,15218,2433,0.91
SUCRE,3,15218,2434,0.91
SUCRE,3,15218,2435,1.0
SUCRE,3,15218,2436,1.0
SUCRE,3,15218,2437,1.01
SUCRE,3,15218,2438,0.89
TOLIMA,3,18351,2439,0.83
TOLIMA,3,18351,2440,0.82
TOLIMA,3,18351,2441,0.94
TOLIMA,3,18351,2442,0.95
TOLIMA,3,18351,2443,0.94
TOLIMA,3,18351,2444,0.94
TOLIMA,3,18351,2445,0.95
TOLIMA,3,18351,2446,0.93
TOLIMA,3,18351,2447,0.93
TOLIMA,3,18351,2448,0.89
TOLIMA,3,18351,2449,0.75
TOLIMA,3,18351,2450,0.95
TOLIMA,3,18351,2451,0.95
TOLIMA,3,18351,2452,0.99
TOLIMA,3,18351,2453,0.99
TOLIMA,3,18351,2454,0.91
TOLIMA,3,18351,2455,1.0
TOLIMA,3,18351,2456,0.91
TOLIMA,3,18351,2457,0.91
TOLIMA,3,18351,2458,0.97
TOLIMA,3,18351,2459,0.98
TOLIMA,3,18351,2460,0.96
TOLIMA,3,18351,2461,0.77
VALLE_DEL_CAUCA,3,52858,2462,0.88
VALLE_DEL_CAUCA,3,52858,2463,0.87
VALLE_DEL_CAUCA,3,52858,2464,0.98
VALLE_DEL_CAUCA,3,52858,2465,0.98
VALLE_DEL_CAUCA,3,52858,2466,0.98
VALLE_DEL_CAUCA,3,52858,2467,0.99
VALLE_DEL_CAUCA,3,52858,2468,0.99
VALLE_DEL_CAUCA,3,52858,2469,0.98
VALLE_DEL_CAUCA,3,52858,2470,0.98
VALLE_DEL_CAUCA,3,52858,2471,0.78
VALLE_DEL_CAUCA,3,52858,2472,0.61
VALLE_DEL_CAUCA,3,52858,2473,0.98
VALLE_DEL_CAUCA,3,52858,2474,0.99
VALLE_DEL_CAUCA,3,52858,2475,1.0
VALLE_DEL_CAUCA,3,52858,2476,1.01
VALLE_DEL_CAUCA,3,52858,2477,0.97
VALLE_DEL_CAUCA,3,52858,2478,0.99
VALLE_DEL_CAUCA,3,52858,2479,0.97
VALLE_DEL_CAUCA,3,52858,2480,0.97
VALLE_DEL_CAUCA,3,52858,2481,1.01
VALLE_DEL_CAUCA,3,52858,2482,1.02
VALLE_DEL_CAUCA,3,52858,2483,1.01
VALLE_DEL_CAUCA,3,52858,2484,0.73
BUENAVENTURA,3,5113,2485,0.88
BUENAVENTURA,3,5113,2486,0.84
BUENAVENTURA,3,5113,2487,0.89
BUENAVENTURA,3,5113,2488,0.77
BUENAVENTURA,3,5113,2489,0.9
BUENAVENTURA,3,5113,2490,0.84
BUENAVENTURA,3,5113,2491,0.77
BUENAVENTURA,3,5113,2492,0.79
BUENAVENTURA,3,5113,2493,0.76
BUENAVENTURA,3,5113,2494,0.81
BUENAVENTURA,3,5113,2495,0.58
BUENAVENTURA,3,5113,2496,0.88
BUENAVENTURA,3,5113,2497,0.81
BUENAVENTURA,3,5113,2498,0.9
BUENAVENTURA,3,5113,2499,0.9
BUENAVENTURA,3,5113,2500,0.6
BUENAVENTURA,3,5113,2501,0.86
BUENAVENTURA,3,5113,2502,0.62
BUENAVENTURA,3,5113,2503,0.62
BUENAVENTURA,3,5113,2504,0.77
BUENAVENTURA,3,5113,2505,0.77
BUENAVENTURA,3,5113,2506,0.73
BUENAVENTURA,3,5113,2507,0.73
VAUPES,3,861,2508,0.91
VAUPES,3,861,2509,0.69
VAUPES,3,861,2510,0.9
VAUPES,3,861,2511,0.75
VAUPES,3,861,2512,0.9
VAUPES,3,861,2513,0.83
VAUPES,3,861,2514,0.74
VAUPES,3,861,2515,0.78
VAUPES,3,861,2516,0.74
VAUPES,3,861,2517,0.69
VAUPES,3,861,2518,0.5
VAUPES,3,861,2519,0.9
VAUPES,3,861,2520,0.83
VAUPES,3,861,2521,0.84
VAUPES,3,861,2522,0.86
VAUPES,3,861,2523,0.88
VAUPES,3,861,2524,0.79
VAUPES,3,861,2525,0.71
VAUPES,3,861,2526,0.71
VAUPES,3,861,2527,0.84
VAUPES,3,861,2528,0.82
VAUPES,3,861,2529,0.84
VAUPES,3,861,2530,0.58
VICHADA,3,1895,2531,0.89
VICHADA,3,1895,2532,0.57
VICHADA,3,1895,2533,0.99
VICHADA,3,1895,2534,0.67
VICHADA,3,1895,2535,0.98
VICHADA,3,1895,2536,0.84
VICHADA,3,1895,2537,0.67
VICHADA,3,1895,2538,0.68
VICHADA,3,1895,2539,0.63
VICHADA,3,1895,2540,0.69
VICHADA,3,1895,2541,0.42
VICHADA,3,1895,2542,1.01
VICHADA,3,1895,2543,0.82
VICHADA,3,1895,2544,0.96
VICHADA,3,1895,2545,0.92
VICHADA,3,1895,2546,0.97
VICHADA,3,1895,2547,0.76
VICHADA,3,1895,2548,0.5
VICHADA,3,1895,2549,0.5
VICHADA,3,1895,2550,0.69
VICHADA,3,1895,2551,0.69
VICHADA,3,1895,2552,0.68
VICHADA,3,1895,2553,0.61
AMAZONAS,4,1668,2554,0.81
AMAZONAS,4,1668,2555,0.72
AMAZONAS,4,1668,2556,0.86
AMAZONAS,4,1668,2557,0.88
AMAZONAS,4,1668,2558,0.85
AMAZONAS,4,1668,2559,0.88
AMAZONAS,4,1668,2560,0.88
AMAZONAS,4,1668,2561,0.79
AMAZONAS,4,1668,2562,0.82
AMAZONAS,4,1668,2563,0.74
AMAZONAS,4,1668,2564,0.57
AMAZONAS,4,1668,2565,0.85
AMAZONAS,4,1668,2566,0.89
AMAZONAS,4,1668,2567,0.93
AMAZONAS,4,1668,2568,0.9
AMAZONAS,4,1668,2569,0.94
AMAZONAS,4,1668,2570,0.94
AMAZONAS,4,1668,2571,0.78
AMAZONAS,4,1668,2572,0.78
AMAZONAS,4,1668,2573,0.95
AMAZONAS,4,1668,2574,0.95
AMAZONAS,4,1668,2575,0.95
AMAZONAS,4,1668,2576,0.59
ANTIOQUIA,4,77622,2577,0.9
ANTIOQUIA,4,77622,2578,0.89
ANTIOQUIA,4,77622,2579,0.93
ANTIOQUIA,4,77622,2580,0.91
ANTIOQUIA,4,77622,2581,0.93
ANTIOQUIA,4,77622,2582,0.93
ANTIOQUIA,4,77622,2583,0.91
ANTIOQUIA,4,77622,2584,0.91
ANTIOQUIA,4,77622,2585,0.91
ANTIOQUIA,4,77622,2586,0.69
ANTIOQUIA,4,77622,2587,0.56
ANTIOQUIA,4,77622,2588,0.94
ANTIOQUIA,4,77622,2589,0.92
ANTIOQUIA,4,77622,2590,0.95
ANTIOQUIA,4,77622,2591,0.85
ANTIOQUIA,4,77622,2592,0.96
ANTIOQUIA,4,77622,2593,0.89
ANTIOQUIA,4,77622,2594,0.89
ANTIOQUIA,4,77622,2595,0.89
ANTIOQUIA,4,77622,2596,0.96
ANTIOQUIA,4,77622,2597,0.95
ANTIOQUIA,4,77622,2598,0.96
ANTIOQUIA,4,77622,2599,0.78
ARAUCA,4,4492,2600,1.08
ARAUCA,4,4492,2601,1.07
ARAUCA,4,4492,2602,1.16
ARAUCA,4,4492,2603,1.1
ARAUCA,4,4492,2604,1.16
ARAUCA,4,4492,2605,1.12
ARAUCA,4,4492,2606,1.1
ARAUCA,4,4492,2607,1.12
ARAUCA,4,4492,2608,1.09
ARAUCA,4,4492,2609,0.75
ARAUCA,4,4492,2610,0.59
ARAUCA,4,4492,2611,1.17
ARAUCA,4,4492,2612,1.12
ARAUCA,4,4492,2613,1.09
ARAUCA,4,4492,2614,1.08
ARAUCA,4,4492,2615,1.09
ARAUCA,4,4492,2616,1.11
ARAUCA,4,4492,2617,1.0
ARAUCA,4,4492,2618,1.0
ARAUCA,4,4492,2619,0.96
ARAUCA,4,4492,2620,0.96
ARAUCA,4,4492,2621,0.97
ARAUCA,4,4492,2622,0.85
ATLANTICO,4,20382,2623,1.04
ATLANTICO,4,20382,2624,1.02
ATLANTICO,4,20382,2625,0.94
ATLANTICO,4,20382,2626,0.99
ATLANTICO,4,20382,2627,0.95
ATLANTICO,4,20382,2628,0.97
ATLANTICO,4,20382,2629,0.98
ATLANTICO,4,20382,2630,0.94
ATLANTICO,4,20382,2631,0.98
ATLANTICO,4,20382,2632,0.76
ATLANTICO,4,20382,2633,0.53
ATLANTICO,4,20382,2634,0.96
ATLANTICO,4,20382,2635,1.0
ATLANTICO,4,20382,2636,1.01
ATLANTICO,4,20382,2637,1.0
ATLANTICO,4,20382,2638,1.0
ATLANTICO,4,20382,2639,1.01
ATLANTICO,4,20382,2640,1.04
ATLANTICO,4,20382,2641,1.0
ATLANTICO,4,20382,2642,1.0
ATLANTICO,4,20382,2643,1.0
ATLANTICO,4,20382,2644,1.0
ATLANTICO,4,20382,2645,0.73
BARRANQUILLA,4,21846,2646,0.95
BARRANQUILLA,4,21846,2647,0.96
BARRANQUILLA,4,21846,2648,0.95
BARRANQUILLA,4,21846,2649,0.9
BARRANQUILLA,4,21846,2650,0.95
BARRANQUILLA,4,21846,2651,0.92
BARRANQUILLA,4,21846,2652,0.9
BARRANQUILLA,4,21846,2653,0.95
BARRANQUILLA,4,21846,2654,0.92
BARRANQUILLA,4,21846,2655,0.85
BARRANQUILLA,4,21846,2656,0.59
BARRANQUILLA,4,21846,2657,0.99
BARRANQUILLA,4,21846,2658,0.93
BARRANQUILLA,4,21846,2659,0.98
BARRANQUILLA,4,21846,2660,0.97
BARRANQUILLA,4,21846,2661,0.98
BARRANQUILLA,4,21846,2662,0.95
BARRANQUILLA,4,21846,2663,0.96
BARRANQUILLA,4,21846,2664,0.96
BARRANQUILLA,4,21846,2665,0.97
BARRANQUILLA,4,21846,2666,0.97
BARRANQUILLA,4,21846,2667,0.97
BARRANQUILLA,4,21846,2668,0.75
BOGOTA D.C.,4,99134,2669,1.01
BOGOTA D.C.,4,99134,2670,1.01
BOGOTA D.C.,4,99134,2671,0.88
BOGOTA D.C.,4,99134,2672,0.89
BOGOTA D.C.,4,99134,2673,0.88
BOGOTA D.C.,4,99134,2674,0.89
BOGOTA D.C.,4,99134,2675,0.89
BOGOTA D.C.,4,99134,2676,0.87
BOGOTA D.C.,4,99134,2677,0.85
BOGOTA D.C.,4,99134,2678,0.82
BOGOTA D.C.,4,99134,2679,0.58
BOGOTA D.C.,4,99134,2680,0.91
BOGOTA D.C.,4,99134,2681,0.9
BOGOTA D.C.,4,99134,2682,0.93
BOGOTA D.C.,4,99134,2683,0.94
BOGOTA D.C.,4,99134,2684,0.94
BOGOTA D.C.,4,99134,2685,0.82
BOGOTA D.C.,4,99134,2686,0.83
BOGOTA D.C.,4,99134,2687,0.83
BOGOTA D.C.,4,99134,2688,0.98
BOGOTA D.C.,4,99134,2689,0.99
BOGOTA D.C.,4,99134,2690,0.99
BOGOTA D.C.,4,99134,2691,0.79
BOLIVAR,4,21034,2692,0.44
BOLIVAR,4,21034,2693,0.43
BOLIVAR,4,21034,2694,0.86
BOLIVAR,4,21034,2695,0.83
BOLIVAR,4,21034,2696,0.87
BOLIVAR,4,21034,2697,0.85
BOLIVAR,4,21034,2698,0.83
BOLIVAR,4,21034,2699,0.83
BOLIVAR,4,21034,2700,0.82
BOLIVAR,4,21034,2701,0.77
BOLIVAR,4,21034,2702,0.59
BOLIVAR,4,21034,2703,0.87
BOLIVAR,4,21034,2704,0.86
BOLIVAR,4,21034,2705,0.89
BOLIVAR,4,21034,2706,0.88
BOLIVAR,4,21034,2707,0.89
BOLIVAR,4,21034,2708,0.84
BOLIVAR,4,21034,2709,0.87
BOLIVAR,4,21034,2710,0.87
BOLIVAR,4,21034,2711,0.83
BOLIVAR,4,21034,2712,0.83
BOLIVAR,4,21034,2713,0.82
BOLIVAR,4,21034,2714,0.67
CARTAGENA,4,18631,2715,1.0
CARTAGENA,4,18631,2716,1.0
CARTAGENA,4,18631,2717,0.96
CARTAGENA,4,18631,2718,0.89
CARTAGENA,4,18631,2719,0.96
CARTAGENA,4,18631,2720,0.93
CARTAGENA,4,18631,2721,0.89
CARTAGENA,4,18631,2722,0.94
CARTAGENA,4,18631,2723,0.91
CARTAGENA,4,18631,2724,0.82
CARTAGENA,4,18631,2725,0.6
CARTAGENA,4,18631,2726,0.97
CARTAGENA,4,18631,2727,0.94
CARTAGENA,4,18631,2728,0.92
CARTAGENA,4,18631,2729,0.91
CARTAGENA,4,18631,2730,0.92
CARTAGENA,4,18631,2731,0.84
CARTAGENA,4,18631,2732,0.83
CARTAGENA,4,18631,2733,0.83
CARTAGENA,4,18631,2734,0.86
CARTAGENA,4,18631,2735,0.85
CARTAGENA,4,18631,2736,0.86
CARTAGENA,4,18631,2737,0.77
BOYACA,4,15381,2738,0.86
BOYACA,4,15381,2739,0.85
BOYACA,4,15381,2740,0.89
BOYACA,4,15381,2741,0.88
BOYACA,4,15381,2742,0.89
BOYACA,4,15381,2743,0.89
BOYACA,4,15381,2744,0.88
BOYACA,4,15381,2745,0.88
BOYACA,4,15381,2746,0.88
BOYACA,4,15381,2747,0.73
BOYACA,4,15381,2748,0.65
BOYACA,4,15381,2749,0.89
BOYACA,4,15381,2750,0.89
BOYACA,4,15381,2751,0.93
BOYACA,4,15381,2752,0.93
BOYACA,4,15381,2753,0.93
BOYACA,4,15381,2754,0.94
BOYACA,4,15381,2755,0.95
BOYACA,4,15381,2756,0.95
BOYACA,4,15381,2757,1.06
BOYACA,4,15381,2758,1.06
BOYACA,4,15381,2759,1.06
BOYACA,4,15381,2760,0.78
CALDAS,4,9958,2761,0.84
CALDAS,4,9958,2762,0.84
CALDAS,4,9958,2763,0.85
CALDAS,4,9958,2764,0.9
CALDAS,4,9958,2765,0.85
CALDAS,4,9958,2766,0.85
CALDAS,4,9958,2767,0.9
CALDAS,4,9958,2768,0.85
CALDAS,4,9958,2769,0.86
CALDAS,4,9958,2770,0.82
CALDAS,4,9958,2771,0.7
CALDAS,4,9958,2772,0.86
CALDAS,4,9958,2773,0.87
CALDAS,4,9958,2774,0.97
CALDAS,4,9958,2775,0.97
CALDAS,4,9958,2776,0.97
CALDAS,4,9958,2777,0.94
CALDAS,4,9958,2778,0.94
CALDAS,4,9958,2779,0.95
CALDAS,4,9958,2780,1.01
CALDAS,4,9958,2781,1.01
CALDAS,4,9958,2782,1.01
CALDAS,4,9958,2783,0.77
CAQUETA,4,7495,2784,0.96
CAQUETA,4,7495,2785,0.93
CAQUETA,4,7495,2786,0.96
CAQUETA,4,7495,2787,0.91
CAQUETA,4,7495,2788,0.96
CAQUETA,4,7495,2789,0.93
CAQUETA,4,7495,2790,0.91
CAQUETA,4,7495,2791,0.91
CAQUETA,4,7495,2792,0.9
CAQUETA,4,7495,2793,0.83
CAQUETA,4,7495,2794,0.62
CAQUETA,4,7495,2795,0.96
CAQUETA,4,7495,2796,0.94
CAQUETA,4,7495,2797,0.94
CAQUETA,4,7495,2798,0.94
CAQUETA,4,7495,2799,0.94
CAQUETA,4,7495,2800,0.97
CAQUETA,4,7495,2801,0.86
CAQUETA,4,7495,2802,0.86
CAQUETA,4,7495,2803,0.91
CAQUETA,4,7495,2804,0.91
CAQUETA,4,7495,2805,0.92
CAQUETA,4,7495,2806,0.79
CASANARE,4,6661,2807,0.96
CASANARE,4,6661,2808,0.94
CASANARE,4,6661,2809,0.95
CASANARE,4,6661,2810,0.94
CASANARE,4,6661,2811,0.95
CASANARE,4,6661,2812,0.95
CASANARE,4,6661,2813,0.94
CASANARE,4,6661,2814,0.94
CASANARE,4,6661,2815,0.96
CASANARE,4,6661,2816,0.84
CASANARE,4,6661,2817,0.7
CASANARE,4,6661,2818,0.96
CASANARE,4,6661,2819,0.96
CASANARE,4,6661,2820,0.97
CASANARE,4,6661,2821,0.97
CASANARE,4,6661,2822,0.97
CASANARE,4,6661,2823,0.99
CASANARE,4,6661,2824,0.97
CASANARE,4,6661,2825,0.97
CASANARE,4,6661,2826,1.05
CASANARE,4,6661,2827,1.05
CASANARE,4,6661,2828,1.05
CASANARE,4,6661,2829,0.78
CAUCA,4,22008,2830,0.69
CAUCA,4,22008,2831,0.68
CAUCA,4,22008,2832,0.84
CAUCA,4,22008,2833,0.87
CAUCA,4,22008,2834,0.84
CAUCA,4,22008,2835,0.84
CAUCA,4,22008,2836,0.87
CAUCA,4,22008,2837,0.82
CAUCA,4,22008,2838,0.83
CAUCA,4,22008,2839,0.81
CAUCA,4,22008,2840,0.64
CAUCA,4,22008,2841,0.84
CAUCA,4,22008,2842,0.85
CAUCA,4,22008,2843,0.91
CAUCA,4,22008,2844,0.86
CAUCA,4,22008,2845,0.89
CAUCA,4,22008,2846,0.86
CAUCA,4,22008,2847,0.87
CAUCA,4,22008,2848,0.86
CAUCA,4,22008,2849,0.92
CAUCA,4,22008,2850,0.92
CAUCA,4,22008,2851,0.92
CAUCA,4,22008,2852,0.73
CESAR,4,22925,2853,0.92
CESAR,4,22925,2854,0.89
CESAR,4,22925,2855,1.03
CESAR,4,22925,2856,0.97
CESAR,4,22925,2857,1.03
CESAR,4,22925,2858,1.02
CESAR,4,22925,2859,0.98
CESAR,4,22925,2860,0.99
CESAR,4,22925,2861,0.98
CESAR,4,22925,2862,0.86
CESAR,4,22925,2863,0.66
CESAR,4,22925,2864,1.04
CESAR,4,22925,2865,1.02
CESAR,4,22925,2866,0.99
CESAR,4,22925,2867,0.98
CESAR,4,22925,2868,0.99
CESAR,4,22925,2869,0.93
CESAR,4,22925,2870,0.91
CESAR,4,22925,2871,0.91
CESAR,4,22925,2872,0.94
CESAR,4,22925,2873,0.94
CESAR,4,22925,2874,0.94
CESAR,4,22925,2875,0.84
CHOCO,4,11791,2876,0.71
CHOCO,4,11791,2877,0.54
CHOCO,4,11791,2878,0.84
CHOCO,4,11791,2879,0.73
CHOCO,4,11791,2880,0.84
CHOCO,4,11791,2881,0.79
CHOCO,4,11791,2882,0.73
CHOCO,4,11791,2883,0.68
CHOCO,4,11791,2884,0.68
CHOCO,4,11791,2885,0.76
CHOCO,4,11791,2886,0.46
CHOCO,4,11791,2887,0.84
CHOCO,4,11791,2888,0.79
CHOCO,4,11791,2889,0.86
CHOCO,4,11791,2890,0.86
CHOCO,4,11791,2891,0.86
CHOCO,4,11791,2892,0.88
CHOCO,4,11791,2893,0.61
CHOCO,4,11791,2894,0.61
CHOCO,4,11791,2895,0.7
CHOCO,4,11791,2896,0.7
CHOCO,4,11791,2897,0.7
CHOCO,4,11791,2898,0.52
CORDOBA,4,30629,2899,0.79
CORDOBA,4,30629,2900,0.78
CORDOBA,4,30629,2901,0.85
CORDOBA,4,30629,2902,0.86
CORDOBA,4,30629,2903,0.85
CORDOBA,4,30629,2904,0.84
CORDOBA,4,30629,2905,0.86
CORDOBA,4,30629,2906,0.83
CORDOBA,4,30629,2907,0.83
CORDOBA,4,30629,2908,0.8
CORDOBA,4,30629,2909,0.61
CORDOBA,4,30629,2910,0.85
CORDOBA,4,30629,2911,0.85
CORDOBA,4,30629,2912,0.89
CORDOBA,4,30629,2913,0.87
CORDOBA,4,30629,2914,0.88
CORDOBA,4,30629,2915,0.87
CORDOBA,4,30629,2916,0.87
CORDOBA,4,30629,2917,0.87
CORDOBA,4,30629,2918,0.88
CORDOBA,4,30629,2919,0.88
CORDOBA,4,30629,2920,0.89
CORDOBA,4,30629,2921,0.7
CUNDINAMARCA,4,35671,2922,0.54
CUNDINAMARCA,4,35671,2923,0.53
CUNDINAMARCA,4,35671,2924,0.87
CUNDINAMARCA,4,35671,2925,0.92
CUNDINAMARCA,4,35671,2926,0.87
CUNDINAMARCA,4,35671,2927,0.89
CUNDINAMARCA,4,35671,2928,0.92
CUNDINAMARCA,4,35671,2929,0.86
CUNDINAMARCA,4,35671,2930,0.88
CUNDINAMARCA,4,35671,2931,0.77
CUNDINAMARCA,4,35671,2932,0.61
CUNDINAMARCA,4,35671,2933,0.88
CUNDINAMARCA,4,35671,2934,0.89
CUNDINAMARCA,4,35671,2935,0.97
CUNDINAMARCA,4,35671,2936,0.96
CUNDINAMARCA,4,35671,2937,0.97
CUNDINAMARCA,4,35671,2938,0.9
CUNDINAMARCA,4,35671,2939,0.91
CUNDINAMARCA,4,35671,2940,0.92
CUNDINAMARCA,4,35671,2941,1.01
CUNDINAMARCA,4,35671,2942,1.01
CUNDINAMARCA,4,35671,2943,1.02
CUNDINAMARCA,4,35671,2944,0.69
GUAINIA,4,970,2945,1.02
GUAINIA,4,970,2946,0.83
GUAINIA,4,970,2947,1.06
GUAINIA,4,970,2948,0.9
GUAINIA,4,970,2949,1.06
GUAINIA,4,970,2950,0.97
GUAINIA,4,970,2951,0.9
GUAINIA,4,970,2952,0.87
GUAINIA,4,970,2953,0.83
GUAINIA,4,970,2954,0.52
GUAINIA,4,970,2955,0.32
GUAINIA,4,970,2956,1.07
GUAINIA,4,970,2957,0.97
GUAINIA,4,970,2958,0.98
GUAINIA,4,970,2959,0.99
GUAINIA,4,970,2960,1.0
GUAINIA,4,970,2961,0.98
GUAINIA,4,970,2962,0.71
GUAINIA,4,970,2963,0.71
GUAINIA,4,970,2964,0.84
GUAINIA,4,970,2965,0.84
GUAINIA,4,970,2966,0.86
GUAINIA,4,970,2967,0.58
GUAVIARE,4,1328,2968,0.99
GUAVIARE,4,1328,2969,0.97
GUAVIARE,4,1328,2970,1.04
GUAVIARE,4,1328,2971,1.02
GUAVIARE,4,1328,2972,1.04
GUAVIARE,4,1328,2973,1.05
GUAVIARE,4,1328,2974,1.02
GUAVIARE,4,1328,2975,0.99
GUAVIARE,4,1328,2976,1.01
GUAVIARE,4,1328,2977,0.9
GUAVIARE,4,1328,2978,0.69
GUAVIARE,4,1328,2979,1.04
GUAVIARE,4,1328,2980,1.05
GUAVIARE,4,1328,2981,1.01
GUAVIARE,4,1328,2982,0.99
GUAVIARE,4,1328,2983,1.01
GUAVIARE,4,1328,2984,1.03
GUAVIARE,4,1328,2985,0.93
GUAVIARE,4,1328,2986,0.93
GUAVIARE,4,1328,2987,0.94
GUAVIARE,4,1328,2988,0.95
GUAVIARE,4,1328,2989,0.94
GUAVIARE,4,1328,2990,0.81
HUILA,4,19740,2991,0.9
HUILA,4,19740,2992,0.89
HUILA,4,19740,2993,0.88
HUILA,4,19740,2994,0.89
HUILA,4,19740,2995,0.88
HUILA,4,19740,2996,0.88
HUILA,4,19740,2997,0.89
HUILA,4,19740,2998,0.87
HUILA,4,19740,2999,0.88
HUILA,4,19740,3000,0.78
HUILA,4,19740,3001,0.63
HUILA,4,19740,3002,0.88
HUILA,4,19740,3003,0.88
HUILA,4,19740,3004,0.93
HUILA,4,19740,3005,0.93
HUILA,4,19740,3006,0.93
HUILA,4,19740,3007,0.91
HUILA,4,19740,3008,0.92
HUILA,4,19740,3009,0.92
HUILA,4,19740,3010,0.98
HUILA,4,19740,3011,0.98
HUILA,4,19740,3012,0.98
HUILA,4,19740,3013,0.79
LA GUAJIRA,4,21194,3014,1.04
LA GUAJIRA,4,21194,3015,0.96
LA GUAJIRA,4,21194,3016,1.06
LA GUAJIRA,4,21194,3017,0.9
LA GUAJIRA,4,21194,3018,1.07
LA GUAJIRA,4,21194,3019,0.99
LA GUAJIRA,4,21194,3020,0.9
LA GUAJIRA,4,21194,3021,0.92
LA GUAJIRA,4,21194,3022,0.89
LA GUAJIRA,4,21194,3023,0.88
LA GUAJIRA,4,21194,3024,0.57
LA GUAJIRA,4,21194,3025,1.07
LA GUAJIRA,4,21194,3026,0.97
LA GUAJIRA,4,21194,3027,0.99
LA GUAJIRA,4,21194,3028,0.98
LA GUAJIRA,4,21194,3029,0.99
LA GUAJIRA,4,21194,3030,0.72
LA GUAJIRA,4,21194,3031,0.73
LA GUAJIRA,4,21194,3032,0.72
LA GUAJIRA,4,21194,3033,0.87
LA GUAJIRA,4,21194,3034,0.86
LA GUAJIRA,4,21194,3035,0.87
LA GUAJIRA,4,21194,3036,0.69
MAGDALENA,4,17244,3037,0.72
MAGDALENA,4,17244,3038,0.7
MAGDALENA,4,17244,3039,0.94
MAGDALENA,4,17244,3040,0.9
MAGDALENA,4,17244,3041,0.95
MAGDALENA,4,17244,3042,0.94
MAGDALENA,4,17244,3043,0.91
MAGDALENA,4,17244,3044,0.91
MAGDALENA,4,17244,3045,0.9
MAGDALENA,4,17244,3046,0.77
MAGDALENA,4,17244,3047,0.6
MAGDALENA,4,17244,3048,0.95
MAGDALENA,4,17244,3049,0.93
MAGDALENA,4,17244,3050,0.94
MAGDALENA,4,17244,3051,0.93
MAGDALENA,4,17244,3052,0.94
MAGDALENA,4,17244,3053,0.95
MAGDALENA,4,17244,3054,0.87
MAGDALENA,4,17244,3055,0.88
MAGDALENA,4,17244,3056,0.91
MAGDALENA,4,17244,3057,0.91
MAGDALENA,4,17244,3058,0.9
MAGDALENA,4,17244,3059,0.73
SANTA MARTA,4,8761,3060,1.06
SANTA MARTA,4,8761,3061,1.05
SANTA MARTA,4,8761,3062,1.08
SANTA MARTA,4,8761,3063,0.95
SANTA MARTA,4,8761,3064,1.07
SANTA MARTA,4,8761,3065,1.02
SANTA MARTA,4,8761,3066,0.95
SANTA MARTA,4,8761,3067,1.01
SANTA MARTA,4,8761,3068,0.97
SANTA MARTA,4,8761,3069,0.81
SANTA MARTA,4,8761,3070,0.56
SANTA MARTA,4,8761,3071,1.09
SANTA MARTA,4,8761,3072,1.02
SANTA MARTA,4,8761,3073,0.94
SANTA MARTA,4,8761,3074,0.97
SANTA MARTA,4,8761,3075,0.98
SANTA MARTA,4,8761,3076,0.84
SANTA MARTA,4,8761,3077,0.83
SANTA MARTA,4,8761,3078,0.84
SANTA MARTA,4,8761,3079,0.9
SANTA MARTA,4,8761,3080,0.88
SANTA MARTA,4,8761,3081,0.86
SANTA MARTA,4,8761,3082,0.78
META,4,15688,3083,0.96
META,4,15688,3084,0.97
META,4,15688,3085,0.92
META,4,15688,3086,0.9
META,4,15688,3087,0.92
META,4,15688,3088,0.91
META,4,15688,3089,0.9
META,4,15688,3090,0.9
META,4,15688,3091,0.89
META,4,15688,3092,0.77
META,4,15688,3093,0.49
META,4,15688,3094,0.93
META,4,15688,3095,0.92
META,4,15688,3096,0.96
META,4,15688,3097,0.95
META,4,15688,3098,0.95
META,4,15688,3099,0.97
META,4,15688,3100,0.88
META,4,15688,3101,0.88
META,4,15688,3102,0.95
META,4,15688,3103,0.95
META,4,15688,3104,0.95
META,4,15688,3105,0.77
NARIÑO,4,20729,3106,0.83
NARIÑO,4,20729,3107,0.81
NARIÑO,4,20729,3108,0.84
NARIÑO,4,20729,3109,0.83
NARIÑO,4,20729,3110,0.84
NARIÑO,4,20729,3111,0.84
NARIÑO,4,20729,3112,0.83
NARIÑO,4,20729,3113,0.82
NARIÑO,4,20729,3114,0.82
NARIÑO,4,20729,3115,0.73
NARIÑO,4,20729,3116,0.6
NARIÑO,4,20729,3117,0.84
NARIÑO,4,20729,3118,0.84
NARIÑO,4,20729,3119,0.89
NARIÑO,4,20729,3120,0.89
NARIÑO,4,20729,3121,0.89
NARIÑO,4,20729,3122,0.84
NARIÑO,4,20729,3123,0.84
NARIÑO,4,20729,3124,0.84
NARIÑO,4,20729,3125,0.92
NARIÑO,4,20729,3126,0.92
NARIÑO,4,20729,3127,0.92
NARIÑO,4,20729,3128,0.72
NORTE DE SANTANDER,4,22922,3129,0.86
NORTE DE SANTANDER,4,22922,3130,0.85
NORTE DE SANTANDER,4,22922,3131,1.01
NORTE DE SANTANDER,4,22922,3132,0.98
NORTE DE SANTANDER,4,22922,3133,1.01
NORTE DE SANTANDER,4,22922,3134,0.98
NORTE DE SANTANDER,4,22922,3135,0.98
NORTE DE SANTANDER,4,22922,3136,0.97
NORTE DE SANTANDER,4,22922,3137,0.95
NORTE DE SANTANDER,4,22922,3138,0.93
NORTE DE SANTANDER,4,22922,3139,0.64
NORTE DE SANTANDER,4,22922,3140,1.04
NORTE DE SANTANDER,4,22922,3141,0.99
NORTE DE SANTANDER,4,22922,3142,0.98
NORTE DE SANTANDER,4,22922,3143,0.84
NORTE DE SANTANDER,4,22922,3144,0.98
NORTE DE SANTANDER,4,22922,3145,1.07
NORTE DE SANTANDER,4,22922,3146,0.81
NORTE DE SANTANDER,4,22922,3147,0.81
NORTE DE SANTANDER,4,22922,3148,0.89
NORTE DE SANTANDER,4,22922,3149,0.89
NORTE DE SANTANDER,4,22922,3150,0.89
NORTE DE SANTANDER,4,22922,3151,0.75
PUTUMAYO,4,4982,3152,0.82
PUTUMAYO,4,4982,3153,0.81
PUTUMAYO,4,4982,3154,0.93
PUTUMAYO,4,4982,3155,0.93
PUTUMAYO,4,4982,3156,0.93
PUTUMAYO,4,4982,3157,0.94
PUTUMAYO,4,4982,3158,0.93
PUTUMAYO,4,4982,3159,0.9
PUTUMAYO,4,4982,3160,0.92
PUTUMAYO,4,4982,3161,0.55
PUTUMAYO,4,4982,3162,0.46
PUTUMAYO,4,4982,3163,0.94
PUTUMAYO,4,4982,3164,0.94
PUTUMAYO,4,4982,3165,0.96
PUTUMAYO,4,4982,3166,0.96
PUTUMAYO,4,4982,3167,0.97
PUTUMAYO,4,4982,3168,0.99
PUTUMAYO,4,4982,3169,0.92
PUTUMAYO,4,4982,3170,0.92
PUTUMAYO,4,4982,3171,0.99
PUTUMAYO,4,4982,3172,1.0
PUTUMAYO,4,4982,3173,1.0
PUTUMAYO,4,4982,3174,0.76
QUINDIO,4,5784,3175,0.94
QUINDIO,4,5784,3176,0.94
QUINDIO,4,5784,3177,0.9
QUINDIO,4,5784,3178,0.9
QUINDIO,4,5784,3179,0.89
QUINDIO,4,5784,3180,0.9
QUINDIO,4,5784,3181,0.89
QUINDIO,4,5784,3182,0.9
QUINDIO,4,5784,3183,0.91
QUINDIO,4,5784,3184,0.67
QUINDIO,4,5784,3185,0.61
QUINDIO,4,5784,3186,0.92
QUINDIO,4,5784,3187,0.91
QUINDIO,4,5784,3188,0.95
QUINDIO,4,5784,3189,0.95
QUINDIO,4,5784,3190,0.95
QUINDIO,4,5784,3191,0.95
QUINDIO,4,5784,3192,0.95
QUINDIO,4,5784,3193,0.95
QUINDIO,4,5784,3194,0.99
QUINDIO,4,5784,3195,0.99
QUINDIO,4,5784,3196,0.98
QUINDIO,4,5784,3197,0.84
RISARALDA,4,10714,3198,1.0
RISARALDA,4,10714,3199,0.99
RISARALDA,4,10714,3200,0.94
RISARALDA,4,10714,3201,0.94
RISARALDA,4,10714,3202,0.94
RISARALDA,4,10714,3203,0.94
RISARALDA,4,10714,3204,0.95
RISARALDA,4,10714,3205,0.92
RISARALDA,4,10714,3206,0.92
RISARALDA,4,10714,3207,0.74
RISARALDA,4,10714,3208,0.58
RISARALDA,4,10714,3209,0.95
RISARALDA,4,10714,3210,0.94
RISARALDA,4,10714,3211,0.99
RISARALDA,4,10714,3212,1.02
RISARALDA,4,10714,3213,1.02
RISARALDA,4,10714,3214,0.95
RISARALDA,4,10714,3215,0.98
RISARALDA,4,10714,3216,0.99
RISARALDA,4,10714,3217,1.02
RISARALDA,4,10714,3218,1.02
RISARALDA,4,10714,3219,1.03
RISARALDA,4,10714,3220,0.84
SAN_ANDRES_ISLA,4,871,3221,0.84
SAN_ANDRES_ISLA,4,871,3222,0.84
SAN_ANDRES_ISLA,4,871,3223,0.87
SAN_ANDRES_ISLA,4,871,3224,0.88
SAN_ANDRES_ISLA,4,871,3225,0.87
SAN_ANDRES_ISLA,4,871,3226,0.88
SAN_ANDRES_ISLA,4,871,3227,0.87
SAN_ANDRES_ISLA,4,871,3228,0.86
SAN_ANDRES_ISLA,4,871,3229,0.87
SAN_ANDRES_ISLA,4,871,3230,0.61
SAN_ANDRES_ISLA,4,871,3231,0.5
SAN_ANDRES_ISLA,4,871,3232,0.88
SAN_ANDRES_ISLA,4,871,3233,0.88
SAN_ANDRES_ISLA,4,871,3234,0.9
SAN_ANDRES_ISLA,4,871,3235,0.9
SAN_ANDRES_ISLA,4,871,3236,0.9
SAN_ANDRES_ISLA,4,871,3237,0.8
SAN_ANDRES_ISLA,4,871,3238,0.82
SAN_ANDRES_ISLA,4,871,3239,0.83
SAN_ANDRES_ISLA,4,871,3240,0.9
SAN_ANDRES_ISLA,4,871,3241,0.9
SAN_ANDRES_ISLA,4,871,3242,0.9
SAN_ANDRES_ISLA,4,871,3243,0.8
SANTANDER,4,31319,3244,0.83
SANTANDER,4,31319,3245,0.83
SANTANDER,4,31319,3246,0.87
SANTANDER,4,31319,3247,0.85
SANTANDER,4,31319,3248,0.86
SANTANDER,4,31319,3249,0.85
SANTANDER,4,31319,3250,0.85
SANTANDER,4,31319,3251,0.85
SANTANDER,4,31319,3252,0.84
SANTANDER,4,31319,3253,0.82
SANTANDER,4,31319,3254,0.65
SANTANDER,4,31319,3255,0.87
SANTANDER,4,31319,3256,0.85
SANTANDER,4,31319,3257,0.89
SANTANDER,4,31319,3258,0.9
SANTANDER,4,31319,3259,0.9
SANTANDER,4,31319,3260,0.86
SANTANDER,4,31319,3261,0.86
SANTANDER,4,31319,3262,0.86
SANTANDER,4,31319,3263,0.89
SANTANDER,4,31319,3264,0.88
SANTANDER,4,31319,3265,0.89
SANTANDER,4,31319,3266,0.72
SUCRE,4,14828,3267,0.95
SUCRE,4,14828,3268,0.95
SUCRE,4,14828,3269,0.98
SUCRE,4,14828,3270,0.97
SUCRE,4,14828,3271,0.98
SUCRE,4,14828,3272,0.98
SUCRE,4,14828,3273,0.97
SUCRE,4,14828,3274,0.96
SUCRE,4,14828,3275,0.96
SUCRE,4,14828,3276,0.72
SUCRE,4,14828,3277,0.66
SUCRE,4,14828,3278,0.98
SUCRE,4,14828,3279,0.98
SUCRE,4,14828,3280,1.0
SUCRE,4,14828,3281,0.99
SUCRE,4,14828,3282,1.0
SUCRE,4,14828,3283,1.0
SUCRE,4,14828,3284,1.0
SUCRE,4,14828,3285,1.0
SUCRE,4,14828,3286,1.0
SUCRE,4,14828,3287,1.01
SUCRE,4,14828,3288,1.01
SUCRE,4,14828,3289,0.85
TOLIMA,4,17543,3290,0.83
TOLIMA,4,17543,3291,0.82
TOLIMA,4,17543,3292,0.92
TOLIMA,4,17543,3293,0.93
TOLIMA,4,17543,3294,0.92
TOLIMA,4,17543,3295,0.92
TOLIMA,4,17543,3296,0.93
TOLIMA,4,17543,3297,0.91
TOLIMA,4,17543,3298,0.91
TOLIMA,4,17543,3299,0.87
TOLIMA,4,17543,3300,0.64
TOLIMA,4,17543,3301,0.92
TOLIMA,4,17543,3302,0.92
TOLIMA,4,17543,3303,0.97
TOLIMA,4,17543,3304,0.97
TOLIMA,4,17543,3305,0.98
TOLIMA,4,17543,3306,0.95
TOLIMA,4,17543,3307,0.95
TOLIMA,4,17543,3308,0.96
TOLIMA,4,17543,3309,1.0
TOLIMA,4,17543,3310,1.0
TOLIMA,4,17543,3311,1.0
TOLIMA,4,17543,3312,0.75
VALLE_DEL_CAUCA,4,52931,3313,0.85
VALLE_DEL_CAUCA,4,52931,3314,0.85
VALLE_DEL_CAUCA,4,52931,3315,0.97
VALLE_DEL_CAUCA,4,52931,3316,0.97
VALLE_DEL_CAUCA,4,52931,3317,0.97
VALLE_DEL_CAUCA,4,52931,3318,0.97
VALLE_DEL_CAUCA,4,52931,3319,0.97
VALLE_DEL_CAUCA,4,52931,3320,0.96
VALLE_DEL_CAUCA,4,52931,3321,0.96
VALLE_DEL_CAUCA,4,52931,3322,0.84
VALLE_DEL_CAUCA,4,52931,3323,0.69
VALLE_DEL_CAUCA,4,52931,3324,0.97
VALLE_DEL_CAUCA,4,52931,3325,0.96
VALLE_DEL_CAUCA,4,52931,3326,0.99
VALLE_DEL_CAUCA,4,52931,3327,0.99
VALLE_DEL_CAUCA,4,52931,3328,0.99
VALLE_DEL_CAUCA,4,52931,3329,0.96
VALLE_DEL_CAUCA,4,52931,3330,0.97
VALLE_DEL_CAUCA,4,52931,3331,0.96
VALLE_DEL_CAUCA,4,52931,3332,1.01
VALLE_DEL_CAUCA,4,52931,3333,1.01
VALLE_DEL_CAUCA,4,52931,3334,0.99
VALLE_DEL_CAUCA,4,52931,3335,0.73
BUENAVENTURA,4,4932,3336,0.85
BUENAVENTURA,4,4932,3337,0.84
BUENAVENTURA,4,4932,3338,0.88
BUENAVENTURA,4,4932,3339,0.77
BUENAVENTURA,4,4932,3340,0.88
BUENAVENTURA,4,4932,3341,0.83
BUENAVENTURA,4,4932,3342,0.77
BUENAVENTURA,4,4932,3343,0.79
BUENAVENTURA,4,4932,3344,0.77
BUENAVENTURA,4,4932,3345,0.69
BUENAVENTURA,4,4932,3346,0.49
BUENAVENTURA,4,4932,3347,0.87
BUENAVENTURA,4,4932,3348,0.82
BUENAVENTURA,4,4932,3349,0.85
BUENAVENTURA,4,4932,3350,0.81
BUENAVENTURA,4,4932,3351,0.86
BUENAVENTURA,4,4932,3352,0.63
BUENAVENTURA,4,4932,3353,0.65
BUENAVENTURA,4,4932,3354,0.65
BUENAVENTURA,4,4932,3355,0.78
BUENAVENTURA,4,4932,3356,0.77
BUENAVENTURA,4,4932,3357,0.77
BUENAVENTURA,4,4932,3358,0.7
VAUPES,4,817,3359,0.93
VAUPES,4,817,3360,0.73
VAUPES,4,817,3361,0.85
VAUPES,4,817,3362,0.72
VAUPES,4,817,3363,0.84
VAUPES,4,817,3364,0.81
VAUPES,4,817,3365,0.74
VAUPES,4,817,3366,0.79
VAUPES,4,817,3367,0.73
VAUPES,4,817,3368,0.67
VAUPES,4,817,3369,0.46
VAUPES,4,817,3370,0.81
VAUPES,4,817,3371,0.78
VAUPES,4,817,3372,0.9
VAUPES,4,817,3373,0.91
VAUPES,4,817,3374,0.91
VAUPES,4,817,3375,0.91
VAUPES,4,817,3376,0.64
VAUPES,4,817,3377,0.64
VAUPES,4,817,3378,0.74
VAUPES,4,817,3379,0.74
VAUPES,4,817,3380,0.73
VAUPES,4,817,3381,0.82
VICHADA,4,1827,3382,0.84
VICHADA,4,1827,3383,0.52
VICHADA,4,1827,3384,1.09
VICHADA,4,1827,3385,0.66
VICHADA,4,1827,3386,1.07
VICHADA,4,1827,3387,0.91
VICHADA,4,1827,3388,0.67
VICHADA,4,1827,3389,0.74
VICHADA,4,1827,3390,0.68
VICHADA,4,1827,3391,0.6
VICHADA,4,1827,3392,0.37
VICHADA,4,1827,3393,1.11
VICHADA,4,1827,3394,0.94
VICHADA,4,1827,3395,0.93
VICHADA,4,1827,3396,0.87
VICHADA,4,1827,3397,0.84
VICHADA,4,1827,3398,0.95
VICHADA,4,1827,3399,0.6
VICHADA,4,1827,3400,0.59
VICHADA,4,1827,3401,0.7
VICHADA,4,1827,3402,0.7
VICHADA,4,1827,3403,0.72
VICHADA,4,1827,3404,0.53
